Date,Open,High,Low,Close,Vol.,Change %
"Jun 15, 2022",142.73,145.51,142.25,144.61,1.29M,0.71%
"Jun 14, 2022",144.65,145.58,142.29,143.59,1.26M,-1.10%
"Jun 13, 2022",146.71,147.19,144.19,145.18,1.10M,-1.22%
"Jun 10, 2022",147.74,148.51,146.61,146.98,956.29K,-0.55%
"Jun 09, 2022",148.69,149.43,147.32,147.8,1.04M,-0.77%
"Jun 08, 2022",149.48,149.6,148.68,148.94,793.36K,-0.39%
"Jun 07, 2022",148.99,149.62,148.68,149.53,131.19K,0.39%
"Jun 06, 2022",149.75,150.13,148.91,148.95,578.36K,-0.45%
"Jun 03, 2022",150.13,150.35,149.57,149.63,875.62K,-0.42%
"Jun 02, 2022",150.99,151.09,150.06,150.26,1.14M,-0.50%
"Jun 01, 2022",151.53,151.85,150.78,151.01,1.83M,-0.37%
"May 31, 2022",152.5,152.89,151.34,151.57,1.55M,-0.71%
"May 30, 2022",153.48,153.52,152.36,152.65,638.12K,-0.71%
"May 27, 2022",153.31,154.14,153.22,153.74,629.94K,0.31%
"May 26, 2022",153.86,154.74,153.19,153.26,783.65K,-0.43%
"May 25, 2022",153.55,154.43,153.48,153.92,802.67K,-0.01%
"May 24, 2022",153.1,153.98,152.77,153.94,940.98K,0.54%
"May 23, 2022",153.82,154.11,152.85,153.11,772.39K,-0.53%
"May 20, 2022",153.6,154.22,153.16,153.93,676.71K,0.03%
"May 19, 2022",153.07,154.45,152.48,153.88,935.72K,0.61%
"May 18, 2022",152.58,153.06,151.89,152.94,942.44K,0.26%
"May 17, 2022",153.72,153.74,152.33,152.54,863.00K,-0.97%
"May 16, 2022",153.88,154.2,152.99,154.03,611.24K,0.18%
"May 13, 2022",155.06,155.12,153.65,153.76,653.54K,-0.65%
"May 12, 2022",153.85,155.33,153.61,154.76,1.06M,1.21%
"May 11, 2022",152.64,153.86,151.87,152.91,1.02M,-0.03%
"May 10, 2022",151.93,153.17,151.5,152.95,787.78K,0.80%
"May 09, 2022",151.01,152.01,150.49,151.74,778.27K,0.53%
"May 06, 2022",152.55,152.74,150.81,150.94,901.94K,-1.06%
"May 05, 2022",153.6,154.18,152.15,152.55,970.86K,-0.41%
"May 04, 2022",152.86,153.73,152.44,153.18,672.88K,-0.32%
"May 03, 2022",153.34,154.1,152.66,153.67,759.38K,0.12%
"May 02, 2022",153.61,154.19,153.23,153.49,421.18K,-0.07%
"Apr 29, 2022",154.44,154.69,153.43,153.59,979.01K,-0.36%
"Apr 28, 2022",155.35,156.0,154.02,154.15,961.40K,-0.84%
"Apr 27, 2022",155.45,155.83,154.82,155.46,779.88K,-0.01%
"Apr 26, 2022",154.77,155.74,154.18,155.48,786.59K,0.38%
"Apr 25, 2022",153.14,155.26,153.11,154.89,814.83K,1.07%
"Apr 22, 2022",153.47,153.92,153.05,153.25,732.99K,-0.36%
"Apr 21, 2022",154.57,154.66,153.28,153.8,852.39K,-0.52%
"Apr 20, 2022",153.44,155.0,153.25,154.61,773.03K,0.59%
"Apr 19, 2022",154.55,154.7,153.29,153.7,753.45K,-0.65%
"Apr 15, 2022",154.71,154.71,154.71,154.71,-,-0.15%
"Apr 14, 2022",155.48,156.17,154.63,154.95,814.99K,-0.58%
"Apr 13, 2022",155.1,155.91,154.51,155.86,759.54K,0.32%
"Apr 12, 2022",154.75,155.76,154.27,155.36,820.62K,0.21%
"Apr 11, 2022",156.13,156.19,154.93,155.03,738.45K,-0.98%
"Apr 08, 2022",157.01,157.29,156.26,156.57,648.08K,-0.17%
"Apr 07, 2022",157.59,157.87,156.4,156.83,911.68K,-0.26%
"Apr 06, 2022",157.76,157.78,156.84,157.24,818.43K,-0.31%
"Apr 05, 2022",159.31,159.42,157.62,157.73,832.87K,-0.86%
"Apr 04, 2022",158.5,159.79,158.12,159.1,772.12K,0.47%
"Apr 01, 2022",158.55,158.89,157.71,158.35,816.14K,-0.20%
"Mar 31, 2022",157.04,159.05,156.9,158.66,999.82K,0.95%
"Mar 30, 2022",157.53,158.06,156.37,157.16,878.66K,-0.13%
"Mar 29, 2022",158.22,158.33,156.05,157.37,916.30K,-0.60%
"Mar 28, 2022",158.47,158.67,157.65,158.32,694.00K,-0.21%
"Mar 25, 2022",159.15,159.64,158.08,158.65,657.96K,-0.38%
"Mar 24, 2022",160.05,160.26,158.73,159.26,737.86K,-0.34%
"Mar 23, 2022",159.39,160.31,159.06,159.8,656.78K,0.23%
"Mar 22, 2022",159.99,159.99,159.07,159.43,790.43K,-0.54%
"Mar 21, 2022",161.26,161.34,159.77,160.3,526.10K,-0.66%
"Mar 18, 2022",161.19,161.77,160.76,161.37,490.02K,0.22%
"Mar 17, 2022",161.16,161.69,160.68,161.01,715.29K,-0.04%
"Mar 16, 2022",161.63,161.81,160.56,161.07,690.10K,-0.56%
"Mar 15, 2022",161.34,162.05,160.9,161.97,617.48K,0.47%
"Mar 14, 2022",162.46,162.73,161.14,161.21,605.35K,-0.76%
"Mar 11, 2022",162.94,163.2,162.01,162.44,647.56K,-0.21%
"Mar 10, 2022",163.63,164.43,162.02,162.78,961.96K,-0.49%
"Mar 09, 2022",164.96,165.29,163.38,163.58,850.51K,-2.91%
"Mar 08, 2022",169.71,170.12,168.23,168.49,10.85K,-0.83%
"Mar 07, 2022",171.35,171.66,169.61,169.9,155.38K,-0.62%
"Mar 04, 2022",169.54,171.22,169.17,170.96,926.18K,1.04%
"Mar 03, 2022",169.55,169.75,168.46,169.2,1.52M,-0.11%
"Mar 02, 2022",170.45,170.85,169.01,169.38,1.50M,-0.54%
"Mar 01, 2022",167.75,171.12,167.31,170.3,1.79M,1.95%
"Feb 28, 2022",167.03,168.0,166.25,167.04,969.08K,0.54%
"Feb 25, 2022",166.63,167.2,165.87,166.15,853.80K,-0.47%
"Feb 24, 2022",166.18,168.01,166.01,166.93,1.19M,0.57%
"Feb 23, 2022",165.65,166.17,165.39,165.99,764.91K,0.18%
"Feb 22, 2022",166.92,167.17,165.16,165.7,1.04M,-0.34%
"Feb 21, 2022",166.77,166.97,165.8,166.26,633.56K,-0.05%
"Feb 18, 2022",166.2,166.74,165.61,166.34,678.08K,0.30%
"Feb 17, 2022",165.35,166.08,165.14,165.84,836.75K,0.37%
"Feb 16, 2022",164.75,165.47,164.34,165.23,805.45K,0.42%
"Feb 15, 2022",165.44,165.53,164.42,164.54,942.12K,-0.42%
"Feb 14, 2022",165.89,166.38,164.95,165.23,942.67K,0.17%
"Feb 11, 2022",164.71,166.46,164.48,164.95,965.98K,0.01%
"Feb 10, 2022",165.8,165.96,164.37,164.94,1.11M,-0.55%
"Feb 09, 2022",165.33,166.01,165.33,165.86,870.19K,0.41%
"Feb 08, 2022",165.71,166.11,165.03,165.18,1.09M,-0.25%
"Feb 07, 2022",166.07,166.49,165.38,165.6,1.08M,-0.25%
"Feb 04, 2022",166.89,167.0,165.72,166.02,1.27M,-0.53%
"Feb 03, 2022",168.76,168.81,166.84,166.9,1.31M,-1.04%
"Feb 02, 2022",168.81,169.17,168.41,168.66,759.46K,-0.06%
"Feb 01, 2022",169.03,169.54,168.65,168.76,791.63K,-0.21%
"Jan 31, 2022",169.91,169.93,168.81,169.11,935.28K,-0.54%
"Jan 28, 2022",170.21,170.22,169.42,170.02,783.92K,-0.08%
"Jan 27, 2022",169.78,170.42,169.67,170.16,788.20K,-0.11%
"Jan 26, 2022",170.34,170.58,169.66,170.35,685.63K,-0.18%
"Jan 25, 2022",170.62,170.89,170.26,170.66,794.72K,-0.12%
"Jan 24, 2022",170.23,171.07,170.1,170.87,740.08K,0.34%
"Jan 21, 2022",170.0,170.63,169.92,170.29,704.57K,0.32%
"Jan 20, 2022",169.28,169.94,169.21,169.74,614.30K,0.21%
"Jan 19, 2022",169.3,169.54,168.95,169.38,772.80K,-0.11%
"Jan 18, 2022",169.67,169.81,169.31,169.57,737.05K,-0.05%
"Jan 17, 2022",169.8,169.92,169.53,169.65,377.17K,-0.25%
"Jan 14, 2022",170.83,170.95,169.87,170.08,708.78K,-0.37%
"Jan 13, 2022",170.08,171.0,169.86,170.71,722.58K,0.29%
"Jan 12, 2022",169.87,170.51,169.74,170.22,800.92K,0.25%
"Jan 11, 2022",169.92,170.2,169.57,169.79,771.35K,-0.10%
"Jan 10, 2022",169.96,170.21,169.71,169.96,679.20K,-0.02%
"Jan 07, 2022",170.45,170.53,169.88,170.0,613.34K,-0.20%
"Jan 06, 2022",170.53,170.61,169.95,170.34,762.90K,-0.24%
"Jan 05, 2022",170.75,170.93,170.53,170.75,639.22K,-0.04%
"Jan 04, 2022",170.69,171.17,170.5,170.81,717.15K,0.04%
"Jan 03, 2022",171.36,171.53,170.55,170.74,492.41K,-0.37%
"Dec 30, 2021",171.42,171.79,171.31,171.37,314.73K,-0.08%
"Dec 29, 2021",172.31,172.42,171.31,171.51,325.49K,-0.49%
"Dec 28, 2021",172.36,172.47,172.09,172.36,189.53K,-0.03%
"Dec 27, 2021",172.48,172.64,172.08,172.41,180.06K,-0.08%
"Dec 24, 2021",172.54,172.54,172.54,172.54,-,0.06%
"Dec 23, 2021",173.17,173.19,172.28,172.43,371.68K,-0.41%
"Dec 22, 2021",173.47,173.52,172.77,173.14,362.64K,-0.10%
"Dec 21, 2021",174.23,174.44,173.23,173.31,476.94K,-0.64%
"Dec 20, 2021",174.74,174.94,174.09,174.42,403.16K,-0.01%
"Dec 17, 2021",174.25,174.66,174.08,174.43,405.41K,0.22%
"Dec 16, 2021",174.09,174.44,173.43,174.05,667.66K,-0.15%
"Dec 15, 2021",174.39,174.56,174.04,174.32,403.49K,-0.08%
"Dec 14, 2021",174.64,174.75,174.18,174.46,394.66K,-0.13%
"Dec 13, 2021",173.91,174.7,173.89,174.68,359.93K,0.25%
"Dec 10, 2021",174.13,174.27,173.78,174.24,448.42K,0.03%
"Dec 09, 2021",173.59,174.31,173.44,174.19,464.44K,0.77%
"Dec 08, 2021",172.54,172.96,172.4,172.86,8.24K,0.19%
"Dec 07, 2021",172.69,172.79,172.27,172.53,117.81K,-0.22%
"Dec 06, 2021",172.92,173.01,172.6,172.91,662.45K,0.08%
"Dec 03, 2021",172.83,173.14,172.41,172.77,1.12M,0.01%
"Dec 02, 2021",172.47,173.06,172.12,172.75,1.42M,0.40%
"Dec 01, 2021",172.19,172.59,171.63,172.07,1.05M,-0.17%
"Nov 30, 2021",171.99,172.71,171.84,172.37,1.02M,0.20%
"Nov 29, 2021",172.03,172.38,171.65,172.02,671.18K,-0.19%
"Nov 26, 2021",171.19,172.46,171.14,172.34,879.09K,0.80%
"Nov 25, 2021",170.6,171.06,170.6,170.98,349.08K,0.26%
"Nov 24, 2021",170.74,171.18,170.31,170.54,793.13K,-0.16%
"Nov 23, 2021",171.68,171.7,170.56,170.81,784.69K,-0.56%
"Nov 22, 2021",172.19,172.57,171.53,171.77,644.23K,-0.32%
"Nov 19, 2021",171.21,172.42,171.0,172.32,891.76K,0.63%
"Nov 18, 2021",170.94,171.38,170.88,171.24,640.49K,0.28%
"Nov 17, 2021",170.62,170.97,170.55,170.77,537.00K,0.00%
"Nov 16, 2021",170.54,170.86,170.36,170.77,618.97K,0.01%
"Nov 15, 2021",171.01,171.4,170.42,170.75,628.91K,-0.06%
"Nov 12, 2021",170.5,171.07,170.32,170.85,676.53K,0.25%
"Nov 11, 2021",170.41,170.87,170.21,170.42,582.16K,-0.16%
"Nov 10, 2021",171.26,171.38,170.27,170.69,843.97K,-0.33%
"Nov 09, 2021",170.6,171.44,170.52,171.25,709.92K,0.33%
"Nov 08, 2021",171.1,171.12,170.43,170.69,556.85K,-0.22%
"Nov 05, 2021",170.16,171.24,170.06,171.07,850.91K,0.51%
"Nov 04, 2021",169.17,170.33,169.03,170.21,894.29K,0.51%
"Nov 03, 2021",169.25,169.7,168.98,169.34,803.10K,0.01%
"Nov 02, 2021",168.39,169.36,168.31,169.33,875.01K,0.70%
"Nov 01, 2021",168.18,168.56,167.69,168.15,740.86K,0.02%
"Oct 29, 2021",168.95,168.98,167.71,168.12,1.35M,-0.56%
"Oct 28, 2021",169.61,169.65,168.29,169.06,1.27M,-0.28%
"Oct 27, 2021",168.78,169.83,168.51,169.54,958.58K,0.50%
"Oct 26, 2021",168.56,168.97,168.4,168.69,630.95K,0.02%
"Oct 25, 2021",168.44,168.68,168.07,168.65,583.71K,0.22%
"Oct 22, 2021",167.9,168.55,167.84,168.28,758.78K,0.02%
"Oct 21, 2021",168.5,168.8,167.92,168.25,722.50K,-0.27%
"Oct 20, 2021",168.26,168.87,168.08,168.71,678.20K,0.10%
"Oct 19, 2021",169.08,169.48,168.34,168.54,846.46K,-0.34%
"Oct 18, 2021",169.22,169.3,168.64,169.11,913.62K,-0.27%
"Oct 15, 2021",169.84,169.84,169.17,169.56,670.47K,-0.05%
"Oct 14, 2021",168.86,169.92,168.64,169.65,984.02K,0.42%
"Oct 13, 2021",168.34,169.12,168.31,168.94,1.13M,0.31%
"Oct 12, 2021",168.83,169.0,168.21,168.41,1.07M,-0.22%
"Oct 11, 2021",169.1,169.11,168.57,168.78,547.63K,-0.26%
"Oct 08, 2021",169.55,169.69,169.11,169.22,832.29K,-0.29%
"Oct 07, 2021",169.53,170.0,169.4,169.71,706.34K,0.04%
"Oct 06, 2021",169.63,169.91,169.12,169.65,923.81K,-0.01%
"Oct 05, 2021",170.17,170.39,169.64,169.66,704.30K,-0.26%
"Oct 04, 2021",170.45,170.55,169.92,170.11,604.57K,-0.06%
"Oct 01, 2021",170.03,170.53,169.92,170.22,781.48K,0.24%
"Sep 30, 2021",170.12,170.19,169.56,169.82,942.18K,-0.19%
"Sep 29, 2021",169.65,170.32,169.61,170.15,737.21K,0.17%
"Sep 28, 2021",170.25,170.31,169.48,169.86,943.32K,-0.18%
"Sep 27, 2021",170.33,170.68,169.73,170.17,786.12K,-0.08%
"Sep 24, 2021",170.59,170.62,170.14,170.3,803.94K,-0.23%
"Sep 23, 2021",171.67,171.72,170.6,170.7,905.35K,-0.61%
"Sep 22, 2021",171.69,171.93,171.41,171.74,584.54K,0.00%
"Sep 21, 2021",171.7,171.96,171.27,171.74,652.92K,0.11%
"Sep 20, 2021",171.01,171.84,170.99,171.55,702.85K,0.32%
"Sep 17, 2021",171.2,171.32,170.81,171.0,675.36K,-0.25%
"Sep 16, 2021",171.48,171.53,171.1,171.43,684.75K,-0.08%
"Sep 15, 2021",171.86,172.07,171.34,171.57,727.41K,-0.20%
"Sep 14, 2021",171.7,172.12,171.33,171.91,807.83K,0.06%
"Sep 13, 2021",171.71,171.92,171.62,171.8,418.82K,-0.05%
"Sep 10, 2021",172.44,172.46,171.71,171.88,521.58K,-0.23%
"Sep 09, 2021",171.69,172.48,171.59,172.28,763.55K,-1.33%
"Sep 08, 2021",174.44,174.71,174.33,174.6,9.31K,0.06%
"Sep 07, 2021",175.1,175.18,174.36,174.49,186.56K,-0.43%
"Sep 06, 2021",175.09,175.27,174.9,175.25,512.63K,0.05%
"Sep 03, 2021",175.42,175.64,174.9,175.17,1.17M,-0.17%
"Sep 02, 2021",175.23,175.65,175.2,175.47,1.46M,0.14%
"Sep 01, 2021",175.35,175.5,174.98,175.23,1.14M,-0.13%
"Aug 31, 2021",176.46,176.48,175.34,175.45,996.21K,-0.47%
"Aug 30, 2021",176.11,176.4,175.83,176.28,387.01K,0.16%
"Aug 27, 2021",175.86,176.11,175.66,175.99,540.73K,0.03%
"Aug 26, 2021",175.91,176.14,175.71,175.93,736.49K,-0.03%
"Aug 25, 2021",176.77,176.87,175.91,175.98,811.47K,-0.48%
"Aug 24, 2021",176.93,177.08,176.66,176.83,518.08K,-0.03%
"Aug 23, 2021",177.1,177.16,176.56,176.89,507.28K,-0.15%
"Aug 20, 2021",177.02,177.22,176.99,177.15,318.42K,0.06%
"Aug 19, 2021",177.01,177.24,176.86,177.04,518.03K,0.07%
"Aug 18, 2021",176.81,177.08,176.71,176.92,430.20K,0.07%
"Aug 17, 2021",176.75,177.24,176.68,176.8,510.27K,0.00%
"Aug 16, 2021",176.86,177.07,176.48,176.8,468.51K,0.09%
"Aug 13, 2021",176.52,176.8,176.29,176.64,394.18K,0.03%
"Aug 12, 2021",176.76,176.77,176.35,176.58,416.08K,0.01%
"Aug 11, 2021",176.55,176.83,176.21,176.57,579.58K,-0.01%
"Aug 10, 2021",176.6,176.95,176.41,176.59,451.13K,0.04%
"Aug 09, 2021",176.45,176.91,176.39,176.52,405.68K,0.01%
"Aug 06, 2021",177.2,177.27,176.47,176.5,580.95K,-0.45%
"Aug 05, 2021",177.16,177.61,177.05,177.29,561.19K,0.20%
"Aug 04, 2021",177.01,177.52,176.85,176.94,661.16K,-0.02%
"Aug 03, 2021",176.82,177.12,176.67,176.97,459.06K,0.08%
"Aug 02, 2021",176.55,177.07,176.35,176.82,504.55K,0.14%
"Jul 30, 2021",176.54,176.73,176.29,176.57,584.90K,0.07%
"Jul 29, 2021",176.57,176.67,176.03,176.44,594.92K,0.02%
"Jul 28, 2021",176.27,176.66,176.2,176.41,628.19K,0.09%
"Jul 27, 2021",175.88,176.37,175.82,176.26,503.70K,0.24%
"Jul 26, 2021",176.0,176.42,175.62,175.83,541.47K,0.01%
"Jul 23, 2021",175.9,175.97,175.56,175.81,476.08K,-0.07%
"Jul 22, 2021",175.54,176.15,175.24,175.94,695.78K,0.23%
"Jul 21, 2021",175.77,176.11,175.41,175.53,755.38K,-0.18%
"Jul 20, 2021",175.48,176.28,175.41,175.85,912.58K,0.19%
"Jul 19, 2021",175.15,175.72,175.02,175.52,742.94K,0.37%
"Jul 16, 2021",174.86,175.04,174.65,174.87,451.48K,0.17%
"Jul 15, 2021",174.55,174.9,174.45,174.58,623.77K,0.14%
"Jul 14, 2021",173.72,174.49,173.7,174.34,612.53K,0.13%
"Jul 13, 2021",174.05,174.31,173.7,174.12,802.45K,0.04%
"Jul 12, 2021",173.91,174.32,173.91,174.05,456.60K,0.09%
"Jul 09, 2021",174.16,174.32,173.87,173.9,552.53K,-0.25%
"Jul 08, 2021",174.16,174.77,174.09,174.34,892.13K,0.18%
"Jul 07, 2021",173.6,174.27,173.46,174.02,782.43K,0.24%
"Jul 06, 2021",172.72,173.65,172.49,173.6,753.36K,0.52%
"Jul 05, 2021",173.12,173.18,172.65,172.7,344.34K,-0.23%
"Jul 02, 2021",172.62,173.19,172.54,173.09,692.35K,0.32%
"Jul 01, 2021",172.5,172.69,172.22,172.54,666.57K,-0.04%
"Jun 30, 2021",172.13,172.74,171.98,172.61,724.06K,0.31%
"Jun 29, 2021",172.25,172.33,171.86,172.07,666.53K,-0.11%
"Jun 28, 2021",171.79,172.34,171.71,172.26,496.38K,0.29%
"Jun 25, 2021",172.24,172.3,171.68,171.77,551.49K,-0.32%
"Jun 24, 2021",172.21,172.39,171.88,172.33,573.16K,0.09%
"Jun 23, 2021",172.02,172.46,171.76,172.17,686.92K,0.13%
"Jun 22, 2021",172.12,172.2,171.67,171.95,677.71K,-0.12%
"Jun 21, 2021",172.69,173.03,171.93,172.16,770.50K,-0.25%
"Jun 18, 2021",172.47,172.88,172.36,172.6,826.46K,0.09%
"Jun 17, 2021",171.97,172.7,171.8,172.44,802.66K,-0.05%
"Jun 16, 2021",172.3,172.66,171.91,172.53,555.13K,0.12%
"Jun 15, 2021",172.62,172.8,172.25,172.32,686.03K,-0.19%
"Jun 14, 2021",172.91,173.04,172.52,172.64,440.45K,-0.14%
"Jun 11, 2021",172.87,173.16,172.79,172.88,570.97K,0.20%
"Jun 10, 2021",172.55,172.88,171.97,172.53,796.97K,-0.02%
"Jun 09, 2021",172.11,172.85,172.08,172.56,715.68K,1.37%
"Jun 08, 2021",170.15,170.35,170.09,170.23,16.19K,0.06%
"Jun 07, 2021",170.29,170.4,170.05,170.12,156.25K,-0.12%
"Jun 04, 2021",169.9,170.43,169.84,170.33,753.54K,0.23%
"Jun 03, 2021",170.17,170.2,169.81,169.94,1.17M,-0.12%
"Jun 02, 2021",169.92,170.2,169.88,170.15,1.33M,0.19%
"Jun 01, 2021",170.06,170.15,169.68,169.83,1.18M,-0.06%
"May 31, 2021",169.87,170.08,169.48,169.94,487.14K,0.00%
"May 28, 2021",169.81,170.08,169.53,169.94,731.71K,0.09%
"May 27, 2021",170.3,170.38,169.68,169.79,784.83K,-0.29%
"May 26, 2021",169.88,170.4,169.69,170.29,872.00K,0.35%
"May 25, 2021",169.37,169.92,169.29,169.69,819.33K,0.22%
"May 24, 2021",169.18,169.41,169.02,169.32,465.55K,0.11%
"May 21, 2021",168.82,169.31,168.75,169.14,770.58K,0.18%
"May 20, 2021",168.63,168.92,168.48,168.84,705.69K,-0.04%
"May 19, 2021",168.76,169.12,168.29,168.9,1.01M,0.05%
"May 18, 2021",168.83,169.14,168.69,168.82,842.70K,-0.02%
"May 17, 2021",169.13,169.35,168.67,168.86,778.72K,-0.07%
"May 14, 2021",169.02,169.21,168.77,168.98,739.61K,0.05%
"May 13, 2021",168.8,169.08,168.59,168.89,801.72K,-0.03%
"May 12, 2021",169.42,169.77,168.83,168.94,964.25K,-0.30%
"May 11, 2021",170.13,170.25,169.39,169.45,997.63K,-0.49%
"May 10, 2021",170.18,170.32,169.97,170.29,561.91K,-0.11%
"May 07, 2021",170.43,170.98,170.2,170.47,1.00M,-0.07%
"May 06, 2021",170.57,170.88,170.23,170.59,823.07K,0.07%
"May 05, 2021",170.62,170.64,170.2,170.47,705.69K,-0.11%
"May 04, 2021",170.15,170.8,169.89,170.66,877.24K,0.29%
"May 03, 2021",169.98,170.34,169.47,170.16,611.31K,0.09%
"Apr 30, 2021",169.79,170.19,169.77,170.0,746.52K,0.07%
"Apr 29, 2021",170.61,170.64,169.66,169.88,929.25K,-0.35%
"Apr 28, 2021",170.59,170.67,170.04,170.48,803.04K,-0.16%
"Apr 27, 2021",170.75,170.91,170.51,170.76,564.46K,-0.04%
"Apr 26, 2021",170.75,170.95,170.46,170.83,576.13K,0.00%
"Apr 23, 2021",171.02,171.13,170.67,170.83,617.36K,-0.06%
"Apr 22, 2021",171.02,171.27,170.53,170.94,845.85K,0.04%
"Apr 21, 2021",170.82,171.12,170.61,170.88,697.04K,0.08%
"Apr 20, 2021",170.38,170.93,170.09,170.74,820.26K,0.15%
"Apr 19, 2021",170.94,171.07,170.17,170.48,819.39K,-0.25%
"Apr 16, 2021",171.28,171.31,170.77,170.91,647.84K,-0.25%
"Apr 15, 2021",170.66,171.52,170.6,171.33,775.72K,0.27%
"Apr 14, 2021",171.57,171.62,170.66,170.87,748.30K,-0.23%
"Apr 13, 2021",171.22,171.54,170.98,171.26,852.16K,-0.02%
"Apr 12, 2021",171.25,171.87,171.23,171.3,664.71K,-0.04%
"Apr 09, 2021",171.98,172.07,171.15,171.37,734.48K,-0.30%
"Apr 08, 2021",171.67,172.12,171.63,171.89,573.51K,0.13%
"Apr 07, 2021",171.67,172.06,171.6,171.67,666.40K,-0.01%
"Apr 06, 2021",171.55,171.89,171.32,171.68,595.43K,-0.03%
"Apr 02, 2021",171.73,171.73,171.73,171.73,-,-0.06%
"Apr 01, 2021",171.1,171.86,171.07,171.83,571.20K,0.32%
"Mar 31, 2021",171.14,171.4,170.88,171.28,771.11K,0.16%
"Mar 30, 2021",171.53,171.56,170.71,171.0,932.15K,-0.36%
"Mar 29, 2021",172.08,172.34,171.45,171.62,623.82K,-0.29%
"Mar 26, 2021",172.56,172.58,171.91,172.12,628.46K,-0.27%
"Mar 25, 2021",172.3,172.66,172.15,172.58,641.25K,0.24%
"Mar 24, 2021",172.19,172.44,171.93,172.17,700.32K,0.15%
"Mar 23, 2021",171.54,172.17,171.42,171.92,775.98K,0.25%
"Mar 22, 2021",171.3,171.8,171.23,171.49,584.36K,0.16%
"Mar 19, 2021",170.96,171.43,170.93,171.22,664.88K,0.29%
"Mar 18, 2021",171.44,171.47,170.52,170.72,960.18K,-0.21%
"Mar 17, 2021",171.68,171.8,170.98,171.08,817.35K,-0.41%
"Mar 16, 2021",171.77,172.0,171.64,171.78,689.01K,0.00%
"Mar 15, 2021",171.32,171.87,171.2,171.78,653.50K,0.39%
"Mar 12, 2021",171.62,171.65,171.05,171.12,733.60K,-0.30%
"Mar 11, 2021",171.43,172.2,171.3,171.64,986.92K,0.19%
"Mar 10, 2021",171.38,171.53,171.07,171.32,588.85K,0.05%
"Mar 09, 2021",170.93,171.7,170.83,171.23,740.72K,-1.60%
"Mar 08, 2021",173.95,174.0,173.71,174.01,15.50K,0.01%
"Mar 05, 2021",173.69,174.28,173.63,174.0,209.17K,-0.15%
"Mar 04, 2021",173.79,174.51,173.71,174.27,938.86K,0.18%
"Mar 03, 2021",174.93,174.97,173.75,173.95,1.44M,-0.41%
"Mar 02, 2021",174.75,174.93,174.14,174.67,1.42M,0.06%
"Mar 01, 2021",174.02,174.75,173.77,174.56,1.15M,0.67%
"Feb 26, 2021",172.11,173.91,172.11,173.4,1.50M,0.20%
"Feb 25, 2021",174.21,174.25,172.08,173.06,1.70M,-0.56%
"Feb 24, 2021",174.49,174.57,173.65,174.04,1.15M,-0.18%
"Feb 23, 2021",174.57,174.65,173.82,174.35,1.18M,-0.21%
"Feb 22, 2021",173.95,175.02,173.58,174.72,1.27M,0.31%
"Feb 19, 2021",174.64,174.7,173.98,174.18,944.86K,-0.29%
"Feb 18, 2021",175.12,175.26,174.38,174.68,1.02M,-0.21%
"Feb 17, 2021",174.45,175.14,174.38,175.04,1.15M,0.14%
"Feb 16, 2021",175.24,175.45,174.49,174.8,1.05M,-0.25%
"Feb 15, 2021",175.65,175.7,175.15,175.23,670.34K,-0.42%
"Feb 12, 2021",176.39,176.53,175.77,175.97,758.70K,-0.26%
"Feb 11, 2021",176.27,176.64,176.24,176.43,656.53K,0.19%
"Feb 10, 2021",176.07,176.38,175.94,176.1,688.20K,-0.06%
"Feb 09, 2021",176.1,176.36,175.92,176.21,765.00K,0.05%
"Feb 08, 2021",175.96,176.23,175.61,176.12,643.91K,-0.03%
"Feb 05, 2021",176.28,176.48,175.63,176.17,977.99K,-0.09%
"Feb 04, 2021",176.35,176.57,176.1,176.32,848.30K,-0.08%
"Feb 03, 2021",176.6,176.7,176.35,176.47,761.77K,-0.16%
"Feb 02, 2021",177.13,177.23,176.63,176.75,876.69K,-0.27%
"Feb 01, 2021",177.36,177.42,176.97,177.22,635.89K,-0.02%
"Jan 29, 2021",177.58,177.66,176.89,177.25,1.15M,-0.29%
"Jan 28, 2021",177.64,177.96,177.46,177.77,701.49K,-0.01%
"Jan 27, 2021",177.56,178.12,177.39,177.79,863.82K,0.15%
"Jan 26, 2021",177.82,177.96,177.45,177.52,617.11K,-0.17%
"Jan 25, 2021",177.13,177.88,177.12,177.83,675.95K,0.38%
"Jan 22, 2021",176.76,177.27,176.63,177.16,643.50K,0.20%
"Jan 21, 2021",177.41,177.56,176.74,176.8,860.43K,-0.37%
"Jan 20, 2021",177.33,177.5,177.25,177.45,506.83K,0.03%
"Jan 19, 2021",177.31,177.45,177.1,177.4,720.92K,0.02%
"Jan 18, 2021",177.71,177.81,177.24,177.37,432.30K,-0.16%
"Jan 15, 2021",177.65,177.94,177.5,177.66,547.66K,-0.10%
"Jan 14, 2021",177.49,177.96,177.32,177.84,748.88K,0.27%
"Jan 13, 2021",176.84,177.6,176.72,177.36,989.43K,0.52%
"Jan 12, 2021",176.83,176.87,176.34,176.44,904.00K,-0.28%
"Jan 11, 2021",177.28,177.55,176.84,176.93,739.76K,-0.21%
"Jan 08, 2021",177.33,177.53,177.16,177.3,542.40K,0.03%
"Jan 07, 2021",177.47,177.69,177.17,177.25,792.79K,-0.07%
"Jan 06, 2021",177.85,177.85,177.02,177.37,842.16K,-0.30%
"Jan 05, 2021",178.22,178.27,177.71,177.9,613.78K,-0.12%
"Jan 04, 2021",177.78,178.37,177.52,178.12,695.84K,0.16%
"Dec 31, 2020",177.84,177.84,177.84,177.84,-,0.11%
"Dec 30, 2020",177.73,177.84,177.27,177.64,306.91K,-0.03%
"Dec 29, 2020",177.6,177.75,177.52,177.7,265.00K,0.17%
"Dec 28, 2020",177.35,177.77,177.17,177.39,195.97K,0.02%
"Dec 24, 2020",177.36,177.36,177.36,177.36,-,0.16%
"Dec 23, 2020",178.07,178.18,177.01,177.07,507.28K,-0.48%
"Dec 22, 2020",177.7,178.09,177.63,177.93,344.00K,0.04%
"Dec 21, 2020",177.83,178.44,177.61,177.86,520.42K,0.11%
"Dec 18, 2020",177.74,177.85,177.28,177.66,416.57K,-0.02%
"Dec 17, 2020",177.6,177.98,177.34,177.69,519.60K,0.08%
"Dec 16, 2020",178.28,178.31,177.27,177.55,691.25K,-0.40%
"Dec 15, 2020",178.37,178.57,178.17,178.27,440.33K,-0.08%
"Dec 14, 2020",178.37,178.56,178.13,178.42,444.21K,-0.15%
"Dec 11, 2020",178.27,178.77,178.17,178.68,561.97K,0.34%
"Dec 10, 2020",178.3,178.55,177.77,178.08,704.19K,-0.06%
"Dec 09, 2020",178.08,178.3,177.91,178.19,418.76K,1.57%
"Dec 08, 2020",175.37,175.61,175.35,175.43,16.39K,0.01%
"Dec 07, 2020",175.03,175.51,175.03,175.41,128.89K,0.34%
"Dec 04, 2020",175.15,175.22,174.81,174.82,756.78K,-0.07%
"Dec 03, 2020",174.63,175.18,174.56,174.94,1.33M,0.26%
"Dec 02, 2020",174.56,174.69,174.37,174.48,1.14M,-0.05%
"Dec 01, 2020",175.32,175.45,174.47,174.56,1.19M,-0.39%
"Nov 30, 2020",175.63,175.72,175.21,175.25,744.76K,-0.14%
"Nov 27, 2020",175.59,175.65,175.41,175.5,360.72K,-0.01%
"Nov 26, 2020",175.18,175.59,175.16,175.51,333.13K,0.10%
"Nov 25, 2020",175.1,175.46,174.96,175.33,507.15K,0.04%
"Nov 24, 2020",175.37,175.47,175.12,175.26,520.86K,-0.09%
"Nov 23, 2020",175.7,175.71,175.26,175.41,552.78K,-0.07%
"Nov 20, 2020",175.45,175.73,175.25,175.53,512.29K,0.11%
"Nov 19, 2020",175.2,175.41,175.1,175.33,521.65K,0.12%
"Nov 18, 2020",175.28,175.46,174.91,175.12,526.04K,-0.03%
"Nov 17, 2020",174.94,175.27,174.85,175.18,526.43K,0.14%
"Nov 16, 2020",174.94,175.29,174.45,174.93,675.21K,-0.01%
"Nov 13, 2020",174.91,175.17,174.78,174.94,512.60K,0.11%
"Nov 12, 2020",174.42,174.97,174.26,174.74,665.82K,0.25%
"Nov 11, 2020",174.01,174.5,173.66,174.3,653.88K,0.16%
"Nov 10, 2020",174.54,174.63,173.92,174.02,994.34K,-0.19%
"Nov 09, 2020",176.09,176.46,174.26,174.36,1.19M,-0.95%
"Nov 06, 2020",176.42,176.49,175.86,176.03,591.31K,-0.17%
"Nov 05, 2020",176.52,176.65,176.09,176.33,616.56K,-0.04%
"Nov 04, 2020",175.71,176.83,175.53,176.4,787.73K,0.22%
"Nov 03, 2020",176.29,176.37,175.82,176.02,584.73K,-0.12%
"Nov 02, 2020",176.25,176.36,175.9,176.24,530.00K,0.05%
"Oct 30, 2020",176.18,176.38,175.9,176.15,683.41K,-0.09%
"Oct 29, 2020",176.03,176.44,175.92,176.31,698.75K,0.14%
"Oct 28, 2020",176.08,176.43,175.95,176.07,793.21K,0.07%
"Oct 27, 2020",175.45,176.06,175.27,175.94,590.38K,0.37%
"Oct 26, 2020",175.5,175.73,175.1,175.3,573.12K,0.02%
"Oct 23, 2020",175.2,175.52,175.0,175.26,551.14K,0.04%
"Oct 22, 2020",175.54,175.73,175.17,175.19,613.67K,-0.30%
"Oct 21, 2020",175.67,175.86,175.34,175.71,647.92K,-0.06%
"Oct 20, 2020",176.1,176.24,175.66,175.81,585.02K,-0.17%
"Oct 19, 2020",176.01,176.17,175.77,176.11,486.45K,0.02%
"Oct 16, 2020",175.82,176.29,175.77,176.07,478.75K,0.10%
"Oct 15, 2020",175.37,176.28,175.35,175.9,836.38K,0.31%
"Oct 14, 2020",175.07,175.5,175.04,175.35,546.06K,0.17%
"Oct 13, 2020",174.88,175.13,174.76,175.06,492.61K,0.14%
"Oct 12, 2020",174.74,174.87,174.6,174.81,307.19K,0.07%
"Oct 09, 2020",174.52,174.86,174.49,174.68,492.24K,0.11%
"Oct 08, 2020",174.1,174.58,174.04,174.48,455.63K,0.20%
"Oct 07, 2020",174.58,174.61,173.93,174.13,705.09K,-0.08%
"Oct 06, 2020",174.18,174.65,174.15,174.27,664.92K,-0.09%
"Oct 05, 2020",174.67,174.9,174.19,174.42,529.43K,-0.14%
"Oct 02, 2020",174.61,174.97,174.6,174.66,526.39K,0.00%
"Oct 01, 2020",174.5,174.71,174.17,174.66,715.32K,0.08%
"Sep 30, 2020",174.81,174.95,174.34,174.52,714.17K,-0.20%
"Sep 29, 2020",174.63,174.9,174.58,174.87,498.12K,0.14%
"Sep 28, 2020",174.58,174.68,174.31,174.62,427.30K,-0.03%
"Sep 25, 2020",174.27,174.7,174.16,174.67,472.17K,0.13%
"Sep 24, 2020",174.43,174.72,174.22,174.44,557.16K,0.13%
"Sep 23, 2020",174.38,174.64,174.19,174.21,574.54K,-0.09%
"Sep 22, 2020",174.56,174.74,174.25,174.37,588.25K,-0.16%
"Sep 21, 2020",174.08,174.85,173.95,174.65,608.20K,0.33%
"Sep 18, 2020",174.07,174.43,173.93,174.07,438.52K,-0.11%
"Sep 17, 2020",174.05,174.45,173.74,174.26,647.27K,0.20%
"Sep 16, 2020",174.12,174.29,173.84,173.92,455.12K,-0.05%
"Sep 15, 2020",174.05,174.15,173.78,174.0,472.41K,0.00%
"Sep 14, 2020",174.02,174.32,173.91,174.0,433.07K,0.02%
"Sep 11, 2020",173.66,174.04,173.54,173.96,462.19K,0.49%
"Sep 10, 2020",173.61,173.91,173.06,173.11,665.07K,-0.33%
"Sep 09, 2020",174.34,174.41,173.51,173.68,607.81K,-1.84%
"Sep 08, 2020",176.52,176.94,176.42,176.93,14.26K,0.23%
"Sep 07, 2020",176.47,176.86,176.19,176.52,133.13K,-0.15%
"Sep 04, 2020",176.93,177.04,176.37,176.78,615.88K,-0.16%
"Sep 03, 2020",176.74,177.18,176.49,177.07,1.29M,0.23%
"Sep 02, 2020",176.12,176.82,176.0,176.67,1.14M,0.54%
"Sep 01, 2020",175.46,176.18,175.17,175.72,947.62K,0.09%
"Aug 31, 2020",175.63,175.78,175.22,175.56,629.22K,-0.07%
"Aug 28, 2020",175.29,175.82,175.06,175.68,916.05K,0.14%
"Aug 27, 2020",175.94,176.58,175.28,175.44,873.37K,-0.13%
"Aug 26, 2020",176.0,176.04,175.47,175.66,733.62K,-0.13%
"Aug 25, 2020",176.95,176.95,175.75,175.89,760.04K,-0.64%
"Aug 24, 2020",177.21,177.25,176.73,177.02,461.45K,-0.05%
"Aug 21, 2020",176.87,177.37,176.75,177.1,531.59K,0.08%
"Aug 20, 2020",176.58,177.18,176.45,176.95,562.70K,0.22%
"Aug 19, 2020",176.47,176.87,176.39,176.57,542.39K,0.08%
"Aug 18, 2020",176.14,176.51,176.03,176.43,514.88K,0.12%
"Aug 17, 2020",175.61,176.27,175.54,176.21,470.45K,0.26%
"Aug 14, 2020",175.26,175.81,175.25,175.76,486.10K,0.11%
"Aug 13, 2020",176.43,176.6,175.27,175.56,635.29K,-0.39%
"Aug 12, 2020",176.86,176.88,175.93,176.24,642.98K,-0.24%
"Aug 11, 2020",177.39,177.5,176.56,176.66,562.34K,-0.47%
"Aug 10, 2020",177.16,177.64,176.89,177.5,366.17K,0.19%
"Aug 07, 2020",177.38,177.67,177.07,177.17,394.37K,-0.24%
"Aug 06, 2020",177.02,177.81,176.92,177.6,547.06K,0.28%
"Aug 05, 2020",177.96,178.0,177.0,177.1,492.40K,-0.40%
"Aug 04, 2020",177.31,178.01,177.19,177.81,454.20K,0.28%
"Aug 03, 2020",177.44,177.48,177.03,177.31,380.28K,-0.12%
"Jul 31, 2020",177.71,178.01,177.25,177.52,573.93K,-0.10%
"Jul 30, 2020",177.0,177.8,176.92,177.69,531.23K,0.42%
"Jul 29, 2020",177.15,177.29,176.83,176.95,431.54K,-0.10%
"Jul 28, 2020",176.51,177.24,176.49,177.13,494.53K,0.19%
"Jul 27, 2020",176.06,176.87,175.96,176.8,481.82K,0.40%
"Jul 24, 2020",176.77,176.98,175.95,176.09,608.25K,-0.36%
"Jul 23, 2020",176.79,176.89,176.59,176.72,404.14K,-0.12%
"Jul 22, 2020",176.37,176.95,176.2,176.93,482.28K,0.32%
"Jul 21, 2020",176.24,176.45,176.06,176.37,407.57K,0.00%
"Jul 20, 2020",176.19,176.54,175.77,176.37,465.20K,0.06%
"Jul 17, 2020",176.41,176.68,176.1,176.27,332.01K,-0.20%
"Jul 16, 2020",176.17,176.74,176.07,176.62,472.60K,0.28%
"Jul 15, 2020",176.03,176.47,175.92,176.12,538.08K,-0.05%
"Jul 14, 2020",175.98,176.25,175.74,176.2,476.67K,0.32%
"Jul 13, 2020",176.48,176.49,175.54,175.63,503.25K,-0.57%
"Jul 10, 2020",176.41,176.92,176.34,176.63,476.77K,0.06%
"Jul 09, 2020",176.01,176.61,175.96,176.52,443.34K,0.22%
"Jul 08, 2020",176.11,176.37,176.02,176.13,435.17K,0.14%
"Jul 07, 2020",176.07,176.3,175.72,175.88,413.70K,-0.05%
"Jul 06, 2020",175.88,176.15,175.62,175.96,407.43K,-0.03%
"Jul 03, 2020",175.98,176.24,175.85,176.02,244.23K,0.01%
"Jul 02, 2020",175.19,176.06,175.04,176.01,628.12K,0.41%
"Jul 01, 2020",176.15,176.2,175.2,175.29,550.71K,-0.70%
"Jun 30, 2020",176.58,176.86,176.16,176.52,534.41K,-0.08%
"Jun 29, 2020",176.75,176.86,176.35,176.66,350.34K,-0.02%
"Jun 26, 2020",176.39,176.8,176.32,176.7,399.58K,0.08%
"Jun 25, 2020",176.11,176.72,176.09,176.55,526.35K,0.31%
"Jun 24, 2020",175.53,176.12,175.2,176.01,592.63K,0.23%
"Jun 23, 2020",175.85,176.13,175.45,175.61,559.80K,-0.28%
"Jun 22, 2020",175.74,176.37,175.6,176.11,440.63K,0.24%
"Jun 19, 2020",175.61,175.79,175.3,175.68,383.64K,0.05%
"Jun 18, 2020",175.28,175.76,175.16,175.59,548.60K,0.11%
"Jun 17, 2020",175.34,175.63,174.8,175.4,596.32K,0.00%
"Jun 16, 2020",175.22,175.58,174.9,175.4,592.82K,-0.07%
"Jun 15, 2020",175.62,175.98,175.28,175.52,475.61K,-0.03%
"Jun 12, 2020",175.25,175.6,174.9,175.57,513.63K,0.19%
"Jun 11, 2020",174.28,175.34,174.12,175.24,598.11K,0.82%
"Jun 10, 2020",173.47,174.18,173.25,173.81,644.91K,0.20%
"Jun 09, 2020",173.61,174.02,173.3,173.46,646.57K,1.90%
"Jun 08, 2020",170.13,170.27,169.88,170.22,11.88K,0.21%
"Jun 05, 2020",170.55,170.7,169.66,169.86,183.51K,-0.40%
"Jun 04, 2020",171.04,171.34,170.37,170.54,1.11M,-0.25%
"Jun 03, 2020",171.66,171.87,170.86,170.97,1.45M,-0.52%
"Jun 02, 2020",171.92,172.15,171.67,171.86,1.11M,0.12%
"Jun 01, 2020",172.37,172.42,171.47,171.65,638.43K,-0.47%
"May 29, 2020",172.15,172.57,172.0,172.46,810.34K,0.24%
"May 28, 2020",171.82,172.32,171.68,172.05,637.25K,-0.01%
"May 27, 2020",172.28,172.53,171.5,172.07,841.05K,-0.05%
"May 26, 2020",173.11,173.16,172.01,172.16,705.34K,-0.52%
"May 25, 2020",173.05,173.28,172.98,173.06,136.20K,-0.03%
"May 22, 2020",173.11,173.52,172.93,173.12,460.08K,-0.02%
"May 21, 2020",172.89,173.27,172.66,173.15,432.62K,0.25%
"May 20, 2020",172.76,172.97,172.51,172.72,547.62K,0.01%
"May 19, 2020",172.82,173.11,172.26,172.7,685.90K,-0.27%
"May 18, 2020",173.75,174.09,172.61,173.16,678.10K,-0.33%
"May 15, 2020",173.62,174.23,173.59,173.74,471.06K,0.05%
"May 14, 2020",173.56,174.08,173.5,173.65,540.23K,0.01%
"May 13, 2020",173.55,173.92,173.41,173.63,550.62K,0.15%
"May 12, 2020",173.18,173.49,172.8,173.37,616.39K,-0.09%
"May 11, 2020",173.47,173.74,173.13,173.53,445.98K,-0.14%
"May 08, 2020",173.87,174.24,173.52,173.77,302.21K,-0.07%
"May 07, 2020",173.49,174.08,172.89,173.89,652.67K,0.34%
"May 06, 2020",174.15,174.23,173.19,173.3,599.62K,-0.64%
"May 05, 2020",174.13,174.55,173.42,174.41,642.96K,0.21%
"May 04, 2020",174.37,174.69,173.77,174.04,497.88K,-0.22%
"Apr 30, 2020",172.95,174.57,172.94,174.43,780.39K,0.79%
"Apr 29, 2020",172.75,173.28,172.58,173.06,531.31K,0.18%
"Apr 28, 2020",172.4,172.84,172.09,172.75,423.81K,0.17%
"Apr 27, 2020",172.68,172.91,172.23,172.45,392.52K,-0.18%
"Apr 24, 2020",172.38,172.87,172.27,172.76,417.98K,0.38%
"Apr 23, 2020",171.85,172.48,171.29,172.1,571.17K,0.06%
"Apr 22, 2020",172.71,172.95,171.67,172.0,517.77K,-0.53%
"Apr 21, 2020",172.54,173.26,172.45,172.91,528.25K,0.29%
"Apr 20, 2020",172.65,173.01,172.19,172.41,392.72K,-0.25%
"Apr 17, 2020",172.44,172.89,172.17,172.85,299.09K,0.10%
"Apr 16, 2020",172.43,172.9,172.04,172.67,459.93K,-0.01%
"Apr 15, 2020",171.42,172.78,171.36,172.68,532.34K,0.66%
"Apr 14, 2020",170.47,171.71,170.28,171.54,274.44K,0.37%
"Apr 09, 2020",170.12,171.09,170.01,170.9,455.32K,0.26%
"Apr 08, 2020",170.79,171.31,170.0,170.46,620.31K,-0.02%
"Apr 07, 2020",171.81,171.9,170.24,170.49,567.35K,-0.77%
"Apr 06, 2020",171.85,172.05,171.42,171.82,320.31K,-0.14%
"Apr 03, 2020",171.96,172.44,171.8,172.06,391.64K,0.08%
"Apr 02, 2020",172.56,172.6,171.6,171.92,540.02K,-0.38%
"Apr 01, 2020",172.7,173.48,172.23,172.57,483.25K,0.03%
"Mar 31, 2020",172.84,173.16,172.33,172.51,508.92K,-0.63%
"Mar 30, 2020",172.94,173.83,172.62,173.6,427.48K,0.60%
"Mar 27, 2020",170.95,173.07,170.9,172.56,560.94K,0.87%
"Mar 26, 2020",169.69,171.35,169.69,171.07,545.09K,0.85%
"Mar 25, 2020",170.5,170.78,169.34,169.62,464.92K,-0.38%
"Mar 24, 2020",171.13,171.38,170.19,170.27,454.21K,-0.50%
"Mar 23, 2020",170.69,171.54,170.22,171.12,496.86K,0.41%
"Mar 20, 2020",168.53,170.84,168.52,170.42,543.20K,1.48%
"Mar 19, 2020",170.01,171.18,167.52,167.94,813.15K,-0.50%
"Mar 18, 2020",171.39,171.39,168.24,168.79,879.20K,-1.83%
"Mar 17, 2020",172.0,172.47,170.9,171.93,773.97K,-0.14%
"Mar 16, 2020",174.6,175.25,171.97,172.17,623.39K,-1.15%
"Mar 13, 2020",176.32,176.57,173.12,174.17,1.01M,-1.32%
"Mar 12, 2020",176.81,177.64,175.9,176.5,1.01M,-0.15%
"Mar 11, 2020",177.07,177.91,176.55,176.77,1.01M,-0.46%
"Mar 10, 2020",177.55,177.91,175.41,177.59,1.28M,-0.36%
"Mar 09, 2020",177.21,179.31,177.05,178.23,994.79K,-0.67%
"Mar 06, 2020",179.02,179.56,179.0,179.44,12.75K,0.48%
"Mar 05, 2020",177.55,178.9,177.5,178.59,167.78K,0.39%
"Mar 04, 2020",178.23,178.36,177.46,177.9,1.17M,0.09%
"Mar 03, 2020",177.41,178.25,176.83,177.74,1.84M,-0.05%
"Mar 02, 2020",177.82,178.38,177.0,177.83,1.98M,0.21%
"Feb 28, 2020",176.52,177.79,176.52,177.46,1.46M,0.50%
"Feb 27, 2020",175.99,176.89,175.86,176.58,1.34M,0.43%
"Feb 26, 2020",175.88,176.3,175.38,175.83,1.41M,-0.11%
"Feb 25, 2020",175.37,176.21,175.21,176.02,1.13M,0.25%
"Feb 24, 2020",175.39,175.86,175.13,175.58,1.26M,0.37%
"Feb 21, 2020",174.98,175.37,174.77,174.93,955.61K,-0.02%
"Feb 20, 2020",174.55,175.12,174.51,174.96,869.93K,0.17%
"Feb 19, 2020",174.41,174.74,174.28,174.66,635.29K,0.07%
"Feb 18, 2020",174.51,174.92,174.29,174.53,761.81K,0.05%
"Feb 17, 2020",174.35,174.52,174.08,174.45,264.96K,-0.02%
"Feb 14, 2020",174.29,174.59,174.1,174.48,470.47K,0.12%
"Feb 13, 2020",174.16,174.64,174.05,174.27,879.84K,0.14%
"Feb 12, 2020",174.17,174.2,173.72,174.02,737.95K,-0.14%
"Feb 11, 2020",174.48,174.55,174.13,174.26,766.47K,-0.18%
"Feb 10, 2020",174.33,174.69,174.01,174.57,500.71K,0.22%
"Feb 07, 2020",173.87,174.42,173.84,174.18,725.07K,0.21%
"Feb 06, 2020",173.71,173.96,173.42,173.82,762.86K,-0.06%
"Feb 05, 2020",174.33,174.63,173.65,173.92,947.84K,-0.35%
"Feb 04, 2020",175.06,175.07,174.25,174.53,837.83K,-0.20%
"Feb 03, 2020",175.1,175.14,174.62,174.88,692.50K,-0.09%
"Jan 31, 2020",174.29,175.3,174.16,175.04,763.63K,0.27%
"Jan 30, 2020",174.23,174.65,174.23,174.57,761.98K,0.29%
"Jan 29, 2020",173.66,174.28,173.41,174.06,628.56K,0.22%
"Jan 28, 2020",174.11,174.48,173.48,173.68,885.02K,-0.32%
"Jan 27, 2020",173.75,174.27,173.41,174.23,892.31K,0.55%
"Jan 24, 2020",172.82,173.54,172.6,173.28,812.60K,0.14%
"Jan 23, 2020",172.41,173.09,172.35,173.03,765.00K,0.41%
"Jan 22, 2020",172.04,172.5,171.91,172.33,584.94K,0.07%
"Jan 21, 2020",171.75,172.27,171.55,172.21,752.51K,0.31%
"Jan 20, 2020",171.76,171.76,171.52,171.67,233.91K,0.03%
"Jan 17, 2020",171.66,171.82,171.46,171.61,484.60K,-0.06%
"Jan 16, 2020",171.62,171.8,171.35,171.72,637.67K,0.15%
"Jan 15, 2020",171.05,171.72,171.01,171.46,672.85K,0.26%
"Jan 14, 2020",170.74,171.08,170.65,171.01,694.22K,0.15%
"Jan 13, 2020",171.36,171.43,170.71,170.76,611.44K,-0.34%
"Jan 10, 2020",171.31,171.43,170.85,171.35,555.74K,0.12%
"Jan 09, 2020",171.31,171.51,171.01,171.14,732.94K,-0.37%
"Jan 08, 2020",172.5,173.22,171.26,171.78,825.68K,-0.20%
"Jan 07, 2020",172.21,172.31,171.91,172.12,582.59K,-0.07%
"Jan 06, 2020",172.45,172.6,172.07,172.24,496.41K,0.07%
"Jan 03, 2020",171.1,172.38,171.1,172.12,528.22K,0.50%
"Jan 02, 2020",170.54,171.42,170.19,171.26,509.18K,0.45%
"Dec 30, 2019",171.58,171.68,170.42,170.49,360.68K,-0.65%
"Dec 27, 2019",171.69,171.79,171.42,171.61,168.14K,0.11%
"Dec 23, 2019",171.56,171.88,171.3,171.43,193.93K,-0.06%
"Dec 20, 2019",171.26,171.63,171.06,171.54,304.51K,0.15%
"Dec 19, 2019",171.6,171.66,170.9,171.28,562.47K,-0.12%
"Dec 18, 2019",172.11,172.4,171.35,171.48,485.08K,-0.38%
"Dec 17, 2019",172.03,172.29,171.96,172.13,417.67K,0.12%
"Dec 16, 2019",172.16,172.43,171.8,171.92,511.32K,-0.10%
"Dec 13, 2019",171.23,172.31,170.75,172.1,729.47K,0.20%
"Dec 12, 2019",172.7,172.99,171.61,171.75,665.98K,-0.51%
"Dec 11, 2019",172.31,172.88,172.17,172.63,431.70K,0.23%
"Dec 10, 2019",172.34,172.45,172.07,172.23,488.02K,-0.08%
"Dec 09, 2019",172.1,172.59,172.02,172.37,374.59K,1.08%
"Dec 06, 2019",170.37,170.53,170.18,170.53,12.90K,0.12%
"Dec 05, 2019",170.7,170.84,170.06,170.32,147.38K,-0.22%
"Dec 04, 2019",171.06,171.31,170.56,170.7,966.54K,-0.20%
"Dec 03, 2019",170.02,171.14,169.74,171.04,1.65M,0.66%
"Dec 02, 2019",170.99,171.0,169.85,169.92,1.68M,-0.67%
"Nov 29, 2019",171.29,171.4,170.91,171.07,884.11K,-0.11%
"Nov 28, 2019",171.42,171.6,171.16,171.26,486.68K,-0.05%
"Nov 27, 2019",171.3,171.52,171.13,171.35,639.29K,-0.06%
"Nov 26, 2019",171.04,171.49,170.88,171.45,497.72K,0.21%
"Nov 25, 2019",171.15,171.24,170.94,171.09,473.06K,-0.09%
"Nov 22, 2019",170.65,171.27,170.31,171.24,687.67K,0.29%
"Nov 21, 2019",171.24,171.35,170.56,170.75,686.08K,-0.20%
"Nov 20, 2019",171.0,171.56,170.95,171.09,703.99K,0.11%
"Nov 19, 2019",170.84,171.0,170.66,170.91,448.05K,0.04%
"Nov 18, 2019",170.89,171.06,170.55,170.84,481.34K,-0.01%
"Nov 15, 2019",170.92,171.05,170.65,170.85,413.78K,-0.08%
"Nov 14, 2019",170.26,171.15,170.26,170.99,620.54K,0.37%
"Nov 13, 2019",169.75,170.45,169.67,170.36,703.02K,0.48%
"Nov 12, 2019",169.67,169.83,169.26,169.54,576.49K,-0.01%
"Nov 11, 2019",169.64,169.99,169.46,169.56,350.12K,-0.08%
"Nov 08, 2019",169.4,169.89,169.12,169.69,693.21K,0.07%
"Nov 07, 2019",170.87,170.97,169.17,169.57,1.14M,-0.64%
"Nov 06, 2019",170.45,170.94,170.22,170.67,567.25K,0.08%
"Nov 05, 2019",170.9,170.95,170.3,170.53,736.20K,-0.27%
"Nov 04, 2019",171.47,171.47,170.91,170.99,449.13K,-0.25%
"Nov 01, 2019",171.84,171.99,171.35,171.42,485.30K,-0.20%
"Oct 31, 2019",171.24,172.03,171.17,171.76,723.72K,0.41%
"Oct 30, 2019",171.05,171.36,170.79,171.06,520.84K,0.01%
"Oct 29, 2019",170.68,171.14,170.6,171.04,507.31K,0.20%
"Oct 28, 2019",171.26,171.35,170.56,170.7,569.51K,-0.38%
"Oct 25, 2019",171.67,171.8,171.12,171.35,480.14K,-0.28%
"Oct 24, 2019",171.55,171.96,171.16,171.83,705.59K,0.09%
"Oct 23, 2019",171.68,171.93,171.44,171.67,490.85K,0.15%
"Oct 22, 2019",170.88,171.73,170.76,171.42,533.81K,0.31%
"Oct 21, 2019",171.45,171.46,170.78,170.89,432.61K,-0.35%
"Oct 18, 2019",171.73,171.88,171.24,171.49,441.62K,-0.13%
"Oct 17, 2019",171.64,171.93,170.73,171.72,845.84K,0.08%
"Oct 16, 2019",171.72,172.29,171.37,171.58,884.39K,-0.18%
"Oct 15, 2019",172.57,172.82,171.63,171.89,742.15K,-0.40%
"Oct 14, 2019",172.38,172.94,172.32,172.58,405.05K,0.11%
"Oct 11, 2019",172.67,173.15,172.08,172.39,951.59K,-0.35%
"Oct 10, 2019",174.06,174.14,172.57,173.0,793.96K,-0.60%
"Oct 09, 2019",174.52,174.56,173.85,174.05,481.56K,-0.35%
"Oct 08, 2019",174.24,174.69,173.86,174.67,556.10K,0.21%
"Oct 07, 2019",174.54,174.72,174.17,174.31,337.41K,-0.10%
"Oct 04, 2019",174.53,174.75,174.33,174.49,429.51K,0.02%
"Oct 03, 2019",173.88,174.78,173.88,174.46,618.53K,0.39%
"Oct 02, 2019",173.86,174.04,173.6,173.79,612.93K,-0.24%
"Oct 01, 2019",174.23,174.25,173.31,174.2,848.64K,-0.03%
"Sep 30, 2019",174.35,174.36,173.77,174.25,531.34K,0.02%
"Sep 27, 2019",174.35,174.54,174.05,174.21,451.67K,-0.06%
"Sep 26, 2019",174.11,174.46,174.03,174.32,523.32K,-0.02%
"Sep 25, 2019",174.88,174.97,173.93,174.36,692.84K,-0.21%
"Sep 24, 2019",174.19,174.88,174.03,174.73,576.51K,0.11%
"Sep 23, 2019",173.6,174.64,173.29,174.54,683.11K,0.62%
"Sep 20, 2019",173.32,173.84,173.23,173.47,475.45K,0.10%
"Sep 19, 2019",173.07,173.4,172.86,173.3,531.38K,-0.04%
"Sep 18, 2019",172.87,173.48,172.65,173.37,505.36K,0.29%
"Sep 17, 2019",172.99,173.16,172.67,172.87,581.50K,-0.06%
"Sep 16, 2019",172.51,173.13,172.4,172.98,600.07K,0.31%
"Sep 13, 2019",173.52,173.63,172.18,172.44,949.71K,-0.86%
"Sep 12, 2019",174.03,175.62,173.23,173.93,1.24M,-0.18%
"Sep 11, 2019",173.8,174.38,173.65,174.24,619.52K,0.15%
"Sep 10, 2019",174.31,174.52,173.75,173.98,711.97K,-0.15%
"Sep 09, 2019",175.21,175.3,174.19,174.24,645.23K,-1.95%
"Sep 06, 2019",177.35,177.78,177.09,177.7,8.21K,0.22%
"Sep 05, 2019",178.57,178.57,176.97,177.31,225.60K,-0.68%
"Sep 04, 2019",178.97,179.0,177.98,178.52,972.35K,-0.45%
"Sep 03, 2019",178.89,179.67,178.81,179.32,1.61M,0.20%
"Sep 02, 2019",179.18,179.2,178.6,178.96,608.73K,-0.08%
"Aug 30, 2019",178.91,179.27,178.63,179.1,721.96K,0.09%
"Aug 29, 2019",179.2,179.36,178.57,178.94,734.95K,-0.20%
"Aug 28, 2019",179.0,179.46,178.88,179.3,709.33K,0.20%
"Aug 27, 2019",178.51,179.07,178.45,178.94,518.17K,0.24%
"Aug 26, 2019",179.08,179.21,178.22,178.52,448.01K,-0.01%
"Aug 23, 2019",178.01,178.83,177.48,178.54,648.61K,0.28%
"Aug 22, 2019",178.73,178.94,177.65,178.04,886.66K,-0.36%
"Aug 21, 2019",178.76,178.83,178.19,178.68,545.22K,-0.12%
"Aug 20, 2019",178.19,179.19,178.19,178.9,638.04K,0.42%
"Aug 19, 2019",178.72,178.84,177.82,178.15,738.53K,-0.25%
"Aug 16, 2019",179.39,179.58,178.14,178.6,739.02K,-0.26%
"Aug 15, 2019",178.4,179.66,178.18,179.06,885.06K,0.42%
"Aug 14, 2019",177.71,178.49,177.62,178.31,638.59K,0.35%
"Aug 13, 2019",177.5,177.84,177.31,177.68,579.11K,0.14%
"Aug 12, 2019",177.15,177.68,177.03,177.44,340.32K,0.16%
"Aug 09, 2019",177.5,177.55,176.96,177.16,535.28K,0.13%
"Aug 08, 2019",177.0,177.42,176.38,176.93,851.12K,-0.24%
"Aug 07, 2019",176.75,177.74,176.72,177.36,801.06K,0.44%
"Aug 06, 2019",176.61,176.74,176.12,176.58,538.52K,0.20%
"Aug 05, 2019",175.98,176.63,175.93,176.22,588.13K,0.23%
"Aug 02, 2019",175.72,176.1,175.62,175.82,864.96K,0.22%
"Aug 01, 2019",175.03,175.88,174.73,175.44,728.99K,0.21%
"Jul 31, 2019",174.61,175.28,174.52,175.07,594.05K,0.30%
"Jul 30, 2019",174.43,174.65,174.36,174.55,402.73K,0.05%
"Jul 29, 2019",174.32,174.57,174.27,174.46,390.38K,0.14%
"Jul 26, 2019",174.25,174.3,173.92,174.21,407.41K,0.11%
"Jul 25, 2019",174.26,174.92,173.49,174.01,985.68K,-0.17%
"Jul 24, 2019",173.78,174.51,173.74,174.3,600.27K,0.22%
"Jul 23, 2019",173.61,173.97,173.56,173.91,397.22K,0.07%
"Jul 22, 2019",173.39,173.79,173.29,173.78,408.71K,0.22%
"Jul 19, 2019",173.47,173.57,173.27,173.39,436.42K,0.08%
"Jul 18, 2019",173.12,173.63,173.02,173.25,629.37K,0.19%
"Jul 17, 2019",172.47,173.13,172.44,172.93,528.06K,0.34%
"Jul 16, 2019",172.33,172.68,172.16,172.34,580.06K,0.01%
"Jul 15, 2019",171.74,172.42,171.49,172.33,502.40K,0.38%
"Jul 12, 2019",171.55,171.88,171.25,171.68,766.69K,-0.08%
"Jul 11, 2019",172.54,172.73,171.5,171.82,812.40K,-0.40%
"Jul 10, 2019",173.05,173.08,172.02,172.51,1.09M,-0.40%
"Jul 09, 2019",173.35,173.46,173.04,173.21,565.77K,-0.17%
"Jul 08, 2019",173.41,173.7,173.29,173.51,512.17K,0.19%
"Jul 05, 2019",173.94,173.96,172.99,173.18,709.22K,-0.39%
"Jul 04, 2019",173.72,174.05,173.61,173.85,483.44K,0.10%
"Jul 03, 2019",173.59,173.9,173.53,173.67,653.58K,0.18%
"Jul 02, 2019",173.3,173.5,172.97,173.35,603.38K,0.03%
"Jul 01, 2019",172.57,173.33,172.47,173.3,622.88K,0.32%
"Jun 28, 2019",172.67,172.84,172.46,172.74,487.24K,0.07%
"Jun 27, 2019",172.36,172.77,171.92,172.62,700.99K,0.07%
"Jun 26, 2019",172.76,172.82,172.26,172.5,647.74K,-0.22%
"Jun 25, 2019",172.45,172.91,172.45,172.88,578.80K,0.24%
"Jun 24, 2019",172.02,172.59,172.02,172.47,463.68K,0.23%
"Jun 21, 2019",172.55,172.65,171.95,172.07,712.32K,-0.33%
"Jun 20, 2019",172.59,172.7,172.41,172.64,667.62K,0.28%
"Jun 19, 2019",172.67,172.72,172.09,172.16,713.17K,-0.40%
"Jun 18, 2019",171.54,172.88,171.51,172.86,1.00M,0.76%
"Jun 17, 2019",171.71,171.75,171.42,171.56,479.35K,-0.13%
"Jun 14, 2019",171.63,171.99,171.59,171.78,586.20K,0.14%
"Jun 13, 2019",171.45,171.69,171.39,171.54,507.65K,0.03%
"Jun 12, 2019",171.38,171.62,171.32,171.48,565.27K,0.07%
"Jun 11, 2019",171.11,171.42,170.98,171.36,540.20K,0.15%
"Jun 10, 2019",171.55,171.66,171.06,171.11,488.85K,-0.36%
"Jun 07, 2019",171.3,171.8,171.25,171.72,674.79K,1.64%
"Jun 06, 2019",168.72,169.01,168.7,168.95,25.35K,0.16%
"Jun 05, 2019",168.5,168.84,168.38,168.68,231.63K,0.13%
"Jun 04, 2019",168.48,168.68,168.39,168.46,1.45M,0.05%
"Jun 03, 2019",168.59,168.69,168.33,168.37,1.70M,0.02%
"May 31, 2019",168.33,168.63,168.3,168.34,1.33M,0.20%
"May 30, 2019",167.84,168.21,167.72,168.0,730.32K,-0.01%
"May 29, 2019",167.91,168.13,167.85,168.02,838.69K,0.13%
"May 28, 2019",167.55,167.93,167.52,167.8,944.51K,0.10%
"May 27, 2019",167.35,167.69,167.18,167.64,260.21K,0.24%
"May 24, 2019",167.28,167.33,167.1,167.24,524.82K,0.01%
"May 23, 2019",166.91,167.4,166.86,167.22,784.24K,0.30%
"May 22, 2019",166.52,166.9,166.44,166.72,681.34K,0.14%
"May 21, 2019",166.74,166.9,166.33,166.49,772.87K,-0.18%
"May 20, 2019",166.98,167.07,166.63,166.79,551.28K,-0.16%
"May 17, 2019",167.04,167.41,166.86,167.06,626.13K,0.07%
"May 16, 2019",167.06,167.27,166.78,166.95,793.12K,0.01%
"May 15, 2019",166.66,167.43,166.57,166.94,963.28K,0.21%
"May 14, 2019",166.51,166.72,166.31,166.59,583.82K,0.04%
"May 13, 2019",166.33,166.61,166.1,166.52,581.37K,0.16%
"May 10, 2019",166.12,166.4,165.94,166.25,617.04K,-0.01%
"May 09, 2019",166.14,166.54,166.1,166.26,713.53K,0.04%
"May 08, 2019",166.06,166.47,165.92,166.2,807.47K,0.07%
"May 07, 2019",165.59,166.18,165.24,166.08,825.20K,0.39%
"May 06, 2019",165.51,165.86,165.31,165.44,324.79K,0.11%
"May 03, 2019",165.12,165.45,164.82,165.26,599.61K,0.01%
"May 02, 2019",165.16,165.48,164.97,165.24,772.20K,-0.04%
"Apr 30, 2019",165.48,165.69,164.84,165.31,938.72K,-0.14%
"Apr 29, 2019",165.8,165.84,165.33,165.55,523.12K,-0.16%
"Apr 26, 2019",165.77,165.92,165.55,165.82,503.15K,0.08%
"Apr 25, 2019",165.7,165.8,165.56,165.69,533.57K,-0.02%
"Apr 24, 2019",164.99,165.78,164.96,165.73,717.03K,0.48%
"Apr 23, 2019",165.01,165.13,164.71,164.94,557.09K,-0.11%
"Apr 19, 2019",165.12,165.12,165.12,165.12,-,-0.06%
"Apr 18, 2019",164.42,165.27,164.33,165.22,768.22K,0.56%
"Apr 17, 2019",164.5,164.59,164.06,164.3,679.00K,-0.18%
"Apr 16, 2019",164.65,164.94,164.39,164.6,661.54K,-0.04%
"Apr 15, 2019",164.59,164.76,164.33,164.66,650.83K,0.02%
"Apr 12, 2019",165.64,165.79,164.56,164.62,951.27K,-0.58%
"Apr 11, 2019",165.82,165.87,165.51,165.58,510.18K,-0.19%
"Apr 10, 2019",165.54,166.0,165.4,165.89,583.76K,0.25%
"Apr 09, 2019",165.29,165.64,165.11,165.48,543.18K,0.07%
"Apr 08, 2019",165.38,165.55,165.14,165.36,358.59K,0.00%
"Apr 05, 2019",165.35,165.52,165.07,165.36,552.26K,-0.10%
"Apr 04, 2019",165.28,165.66,165.19,165.52,596.19K,0.07%
"Apr 03, 2019",165.93,166.0,165.18,165.4,820.78K,-0.43%
"Apr 02, 2019",165.7,166.17,165.7,166.11,563.23K,0.27%
"Apr 01, 2019",166.21,166.21,165.6,165.67,730.96K,-0.40%
"Mar 29, 2019",166.26,166.42,166.02,166.34,695.14K,-0.03%
"Mar 28, 2019",166.54,166.75,166.21,166.39,755.69K,-0.12%
"Mar 27, 2019",165.79,166.7,165.68,166.59,1.07M,0.61%
"Mar 26, 2019",165.79,165.83,165.45,165.58,600.79K,-0.05%
"Mar 25, 2019",165.58,165.97,165.34,165.66,623.21K,-0.05%
"Mar 22, 2019",164.65,165.86,164.62,165.74,1.01M,0.54%
"Mar 21, 2019",164.39,164.93,164.32,164.85,725.54K,0.37%
"Mar 20, 2019",163.89,164.53,163.84,164.25,566.59K,0.18%
"Mar 19, 2019",164.22,164.35,163.63,163.96,727.89K,-0.19%
"Mar 18, 2019",164.22,164.36,163.96,164.27,454.40K,0.08%
"Mar 15, 2019",164.22,164.45,163.94,164.14,560.01K,0.01%
"Mar 14, 2019",164.21,164.45,164.07,164.13,542.78K,-0.21%
"Mar 13, 2019",164.56,164.68,164.18,164.47,459.08K,-0.04%
"Mar 12, 2019",164.25,164.74,163.92,164.54,733.72K,0.01%
"Mar 11, 2019",164.61,164.62,164.32,164.53,509.73K,0.09%
"Mar 08, 2019",164.44,164.74,164.31,164.39,804.48K,-1.11%
"Mar 07, 2019",166.15,166.28,166.03,166.24,15.40K,0.08%
"Mar 06, 2019",165.8,166.29,165.63,166.11,335.51K,0.36%
"Mar 05, 2019",165.67,165.79,165.26,165.52,1.42M,-0.04%
"Mar 04, 2019",165.19,165.71,165.01,165.59,1.38M,0.22%
"Mar 01, 2019",165.33,165.38,164.97,165.22,1.04M,-0.05%
"Feb 28, 2019",165.71,165.97,165.15,165.31,997.60K,-0.22%
"Feb 27, 2019",166.35,166.48,165.56,165.68,1.04M,-0.35%
"Feb 26, 2019",166.5,166.66,166.16,166.27,731.37K,-0.08%
"Feb 25, 2019",166.56,166.62,166.2,166.4,530.95K,-0.13%
"Feb 22, 2019",166.17,166.72,166.11,166.62,514.63K,0.33%
"Feb 21, 2019",166.6,166.67,165.85,166.07,983.25K,-0.26%
"Feb 20, 2019",166.45,166.69,166.35,166.51,492.43K,0.05%
"Feb 19, 2019",166.42,166.75,166.27,166.42,654.66K,0.04%
"Feb 18, 2019",166.53,166.55,166.28,166.36,238.96K,-0.07%
"Feb 15, 2019",166.55,166.64,166.28,166.47,474.92K,-0.04%
"Feb 14, 2019",166.22,166.73,166.02,166.54,628.47K,0.25%
"Feb 13, 2019",166.0,166.24,165.86,166.12,531.26K,0.06%
"Feb 12, 2019",166.26,166.26,165.84,166.02,634.42K,-0.20%
"Feb 11, 2019",166.68,166.73,166.15,166.35,602.03K,-0.24%
"Feb 08, 2019",166.39,166.83,166.26,166.75,635.90K,0.23%
"Feb 07, 2019",165.59,166.45,165.52,166.36,896.17K,0.51%
"Feb 06, 2019",165.42,165.68,165.37,165.51,491.94K,0.01%
"Feb 05, 2019",165.4,165.52,164.93,165.49,623.60K,0.13%
"Feb 04, 2019",165.61,165.64,165.22,165.28,418.54K,-0.13%
"Feb 01, 2019",165.73,165.77,165.43,165.5,711.77K,-0.10%
"Jan 31, 2019",165.52,165.87,165.3,165.67,801.43K,0.30%
"Jan 30, 2019",165.24,165.53,164.99,165.18,571.07K,0.06%
"Jan 29, 2019",164.94,165.28,164.85,165.08,566.21K,0.10%
"Jan 28, 2019",165.19,165.3,164.69,164.91,647.82K,-0.10%
"Jan 25, 2019",165.35,165.43,164.96,165.07,603.23K,-0.15%
"Jan 24, 2019",164.72,165.54,164.59,165.32,890.97K,0.46%
"Jan 23, 2019",164.65,164.77,164.34,164.57,600.56K,0.06%
"Jan 22, 2019",164.25,164.75,164.12,164.47,608.30K,0.21%
"Jan 21, 2019",164.2,164.3,164.04,164.13,272.11K,0.04%
"Jan 18, 2019",164.28,164.34,163.84,164.07,712.27K,-0.14%
"Jan 17, 2019",164.72,164.89,164.23,164.3,566.68K,-0.18%
"Jan 16, 2019",164.8,164.9,164.36,164.59,638.53K,-0.18%
"Jan 15, 2019",164.62,164.98,164.38,164.89,706.55K,0.19%
"Jan 14, 2019",164.51,164.88,164.43,164.57,540.34K,0.10%
"Jan 11, 2019",164.25,164.64,164.16,164.41,563.19K,0.12%
"Jan 10, 2019",163.93,164.38,163.93,164.21,647.11K,0.15%
"Jan 09, 2019",163.71,164.11,163.48,163.96,656.38K,0.13%
"Jan 08, 2019",163.76,163.9,163.5,163.74,658.67K,-0.13%
"Jan 07, 2019",163.93,164.32,163.76,163.96,541.36K,-0.01%
"Jan 04, 2019",165.01,165.04,163.88,163.97,649.42K,-0.52%
"Jan 03, 2019",164.91,165.1,164.38,164.82,683.68K,0.11%
"Jan 02, 2019",163.7,164.94,163.58,164.64,713.33K,0.67%
"Dec 28, 2018",163.64,163.76,163.42,163.54,335.36K,-0.12%
"Dec 27, 2018",163.18,163.79,163.15,163.73,334.72K,0.23%
"Dec 21, 2018",163.54,163.54,163.27,163.36,385.74K,-0.12%
"Dec 20, 2018",163.74,164.01,163.41,163.56,696.50K,0.11%
"Dec 19, 2018",163.48,163.85,163.24,163.38,543.11K,0.02%
"Dec 18, 2018",163.29,163.55,163.22,163.34,482.97K,0.12%
"Dec 17, 2018",163.28,163.3,162.96,163.14,398.43K,-0.04%
"Dec 14, 2018",162.89,163.3,162.81,163.2,554.18K,0.20%
"Dec 13, 2018",162.77,163.14,162.51,162.87,806.93K,-0.07%
"Dec 12, 2018",163.35,163.53,162.6,162.98,708.40K,-0.31%
"Dec 11, 2018",163.24,163.59,162.83,163.48,741.27K,0.05%
"Dec 10, 2018",163.49,163.64,162.98,163.4,671.10K,0.14%
"Dec 07, 2018",163.23,163.46,162.93,163.17,619.94K,0.49%
"Dec 06, 2018",162.3,162.48,162.12,162.38,25.10K,0.24%
"Dec 05, 2018",162.28,162.45,161.97,161.99,439.47K,-0.06%
"Dec 04, 2018",161.91,162.43,161.61,162.09,1.92M,0.37%
"Dec 03, 2018",161.01,161.7,161.01,161.5,1.61M,-0.02%
"Nov 30, 2018",161.31,161.58,161.27,161.54,849.02K,0.08%
"Nov 29, 2018",161.0,161.42,160.98,161.41,852.04K,0.32%
"Nov 28, 2018",161.0,161.18,160.83,160.9,880.82K,-0.07%
"Nov 27, 2018",160.9,161.21,160.82,161.02,649.68K,0.17%
"Nov 26, 2018",160.93,160.99,160.64,160.74,628.25K,-0.22%
"Nov 23, 2018",160.65,161.19,160.51,161.1,649.26K,0.29%
"Nov 22, 2018",160.7,160.87,160.53,160.63,436.79K,0.03%
"Nov 21, 2018",160.71,160.78,160.48,160.58,627.43K,-0.19%
"Nov 20, 2018",160.64,161.04,160.54,160.89,777.05K,0.18%
"Nov 19, 2018",160.73,160.73,160.24,160.6,613.08K,-0.03%
"Nov 16, 2018",160.54,160.76,160.54,160.65,590.15K,-0.10%
"Nov 15, 2018",160.14,160.92,160.07,160.81,1.05M,0.42%
"Nov 14, 2018",160.36,160.47,159.96,160.14,709.58K,0.04%
"Nov 13, 2018",160.19,160.42,159.98,160.08,777.66K,-0.13%
"Nov 12, 2018",159.95,160.45,159.93,160.29,497.50K,0.16%
"Nov 09, 2018",159.43,160.07,159.43,160.03,578.86K,0.41%
"Nov 08, 2018",159.29,159.51,159.19,159.37,535.80K,-0.08%
"Nov 07, 2018",159.82,159.89,159.28,159.5,615.10K,-0.13%
"Nov 06, 2018",159.71,160.04,159.61,159.7,525.13K,-0.03%
"Nov 05, 2018",159.6,159.91,159.58,159.74,480.07K,0.07%
"Nov 02, 2018",159.72,159.81,159.45,159.63,658.08K,-0.22%
"Nov 01, 2018",160.23,160.27,159.75,159.98,649.79K,-0.17%
"Oct 31, 2018",160.2,160.37,160.01,160.26,660.23K,-0.11%
"Oct 30, 2018",160.35,160.56,159.96,160.44,752.80K,0.06%
"Oct 29, 2018",160.62,160.79,160.06,160.35,729.93K,-0.32%
"Oct 26, 2018",160.32,160.9,160.22,160.87,865.94K,0.44%
"Oct 25, 2018",160.29,160.33,159.83,160.16,681.40K,-0.01%
"Oct 24, 2018",159.67,160.35,159.66,160.18,729.99K,0.24%
"Oct 23, 2018",159.55,159.98,159.43,159.79,765.60K,0.28%
"Oct 22, 2018",159.07,159.52,158.84,159.34,655.44K,-0.04%
"Oct 19, 2018",159.78,160.08,159.07,159.4,1.04M,-0.08%
"Oct 18, 2018",158.89,159.94,158.82,159.52,832.96K,0.23%
"Oct 17, 2018",158.73,159.24,158.72,159.16,681.73K,0.28%
"Oct 16, 2018",158.49,158.81,158.34,158.72,578.94K,0.08%
"Oct 15, 2018",158.66,158.87,158.46,158.59,428.87K,0.04%
"Oct 12, 2018",158.16,158.74,157.95,158.53,584.15K,0.11%
"Oct 11, 2018",158.33,158.71,158.12,158.35,927.37K,0.30%
"Oct 10, 2018",158.1,158.16,157.45,157.88,759.65K,-0.13%
"Oct 09, 2018",157.95,158.18,157.61,158.09,880.49K,0.09%
"Oct 08, 2018",157.56,158.23,157.5,157.95,591.26K,0.22%
"Oct 05, 2018",158.03,158.12,157.33,157.61,848.35K,-0.27%
"Oct 04, 2018",157.99,158.48,157.74,158.04,1.04M,-0.56%
"Oct 03, 2018",159.17,159.46,158.21,158.93,840.41K,-0.37%
"Oct 02, 2018",159.06,159.78,159.0,159.52,901.21K,0.47%
"Oct 01, 2018",158.74,158.99,158.37,158.77,736.06K,-0.01%
"Sep 28, 2018",158.54,159.25,158.4,158.79,1.05M,0.46%
"Sep 27, 2018",158.56,158.79,158.02,158.06,861.14K,0.01%
"Sep 26, 2018",157.92,158.49,157.89,158.04,518.05K,0.11%
"Sep 25, 2018",158.21,158.21,157.75,157.87,783.45K,-0.28%
"Sep 24, 2018",159.03,159.14,158.21,158.32,745.99K,-0.43%
"Sep 21, 2018",158.75,159.1,158.68,159.0,530.18K,0.16%
"Sep 20, 2018",158.73,158.93,158.38,158.74,734.23K,0.08%
"Sep 19, 2018",158.67,158.87,158.42,158.62,704.49K,-0.08%
"Sep 18, 2018",159.07,159.26,158.66,158.74,650.23K,-0.18%
"Sep 17, 2018",159.28,159.29,158.84,159.02,489.77K,-0.09%
"Sep 14, 2018",159.5,159.54,159.01,159.17,558.07K,-0.18%
"Sep 13, 2018",159.71,159.78,159.26,159.46,676.49K,-0.11%
"Sep 12, 2018",159.35,159.8,159.34,159.63,669.39K,0.21%
"Sep 11, 2018",159.67,159.67,159.23,159.3,612.07K,-0.24%
"Sep 10, 2018",159.94,160.1,159.52,159.69,607.67K,-0.16%
"Sep 07, 2018",160.42,160.43,159.83,159.95,568.74K,-1.64%
"Sep 06, 2018",162.48,162.7,162.45,162.62,29.85K,0.11%
"Sep 05, 2018",162.88,163.03,162.28,162.44,489.97K,-0.26%
"Sep 04, 2018",163.21,163.22,162.8,162.87,1.47M,-0.21%
"Sep 03, 2018",163.19,163.49,163.04,163.21,1.25M,-0.04%
"Aug 31, 2018",162.92,163.32,162.83,163.27,1.04M,0.18%
"Aug 30, 2018",162.28,163.08,162.13,162.98,865.70K,0.49%
"Aug 29, 2018",162.62,162.68,162.1,162.18,708.02K,-0.21%
"Aug 28, 2018",162.67,162.87,162.35,162.52,815.85K,-0.07%
"Aug 27, 2018",163.17,163.36,162.55,162.64,391.91K,-0.28%
"Aug 24, 2018",163.01,163.16,162.8,163.09,500.67K,0.02%
"Aug 23, 2018",163.22,163.23,162.93,163.06,454.72K,0.04%
"Aug 22, 2018",163.36,163.45,162.91,163.0,597.13K,-0.15%
"Aug 21, 2018",163.6,163.71,163.17,163.24,469.57K,-0.30%
"Aug 20, 2018",163.65,163.74,163.42,163.73,354.62K,0.04%
"Aug 17, 2018",163.53,163.88,163.42,163.67,435.26K,0.11%
"Aug 16, 2018",163.41,163.67,163.36,163.49,402.82K,-0.13%
"Aug 15, 2018",163.33,163.82,163.1,163.71,506.86K,0.31%
"Aug 14, 2018",163.35,163.35,163.11,163.21,434.95K,-0.09%
"Aug 13, 2018",163.46,163.62,163.22,163.36,647.39K,0.01%
"Aug 10, 2018",162.69,163.45,162.69,163.34,754.29K,0.52%
"Aug 09, 2018",162.27,162.62,162.22,162.5,445.90K,0.24%
"Aug 08, 2018",162.04,162.27,161.96,162.11,347.53K,0.06%
"Aug 07, 2018",162.23,162.39,161.97,162.01,341.62K,-0.21%
"Aug 06, 2018",162.01,162.38,161.83,162.35,352.12K,0.19%
"Aug 03, 2018",161.37,162.12,161.37,162.05,668.42K,0.49%
"Aug 02, 2018",161.16,161.55,161.05,161.26,679.54K,0.22%
"Aug 01, 2018",161.42,161.45,160.86,160.91,690.87K,-0.41%
"Jul 31, 2018",161.9,162.05,161.41,161.58,692.91K,0.09%
"Jul 30, 2018",162.13,162.3,161.33,161.43,631.43K,-0.39%
"Jul 27, 2018",162.05,162.23,161.97,162.07,450.08K,-0.07%
"Jul 26, 2018",161.95,162.37,161.88,162.18,546.25K,-0.12%
"Jul 25, 2018",162.34,162.47,161.9,162.37,441.50K,0.06%
"Jul 24, 2018",162.03,162.33,161.82,162.28,536.47K,0.11%
"Jul 23, 2018",162.41,162.54,161.97,162.1,570.47K,-0.26%
"Jul 20, 2018",163.16,163.39,162.44,162.53,596.60K,-0.34%
"Jul 19, 2018",162.78,163.26,162.7,163.08,457.41K,0.08%
"Jul 18, 2018",162.75,163.2,162.75,162.95,429.74K,0.06%
"Jul 17, 2018",162.59,162.9,162.57,162.85,365.31K,0.23%
"Jul 16, 2018",162.97,162.97,162.44,162.47,388.74K,-0.31%
"Jul 13, 2018",162.68,163.22,162.66,162.98,452.73K,0.13%
"Jul 12, 2018",162.55,162.82,162.45,162.77,412.72K,0.15%
"Jul 11, 2018",162.59,162.8,162.4,162.53,547.38K,0.09%
"Jul 10, 2018",162.49,162.57,162.26,162.38,488.69K,-0.14%
"Jul 09, 2018",162.67,162.73,162.35,162.61,406.31K,-0.13%
"Jul 06, 2018",162.5,162.93,162.47,162.82,428.97K,0.07%
"Jul 05, 2018",162.37,162.78,162.06,162.7,608.84K,0.09%
"Jul 04, 2018",162.6,162.87,162.37,162.55,316.43K,-0.10%
"Jul 03, 2018",162.41,162.81,162.22,162.72,504.75K,0.06%
"Jul 02, 2018",162.57,162.89,162.42,162.63,460.78K,0.05%
"Jun 29, 2018",162.15,162.65,161.85,162.55,699.21K,0.06%
"Jun 28, 2018",162.42,162.66,162.18,162.46,512.92K,0.10%
"Jun 27, 2018",162.09,162.55,162.01,162.3,607.01K,0.13%
"Jun 26, 2018",162.05,162.37,161.75,162.09,598.32K,-0.09%
"Jun 25, 2018",162.34,162.57,162.01,162.23,510.18K,0.08%
"Jun 22, 2018",162.15,162.24,161.8,162.1,536.05K,-0.03%
"Jun 21, 2018",161.31,162.35,161.26,162.15,977.02K,0.40%
"Jun 20, 2018",161.43,161.69,161.31,161.51,521.73K,-0.01%
"Jun 19, 2018",161.49,161.86,161.46,161.53,721.42K,0.24%
"Jun 18, 2018",161.17,161.41,161.02,161.15,456.23K,-0.01%
"Jun 15, 2018",160.88,161.52,160.75,161.16,792.24K,0.28%
"Jun 14, 2018",160.0,160.85,159.45,160.71,953.59K,0.40%
"Jun 13, 2018",159.8,160.22,159.63,160.07,620.45K,0.14%
"Jun 12, 2018",159.84,159.92,159.37,159.85,634.99K,0.07%
"Jun 11, 2018",160.22,160.22,159.55,159.74,623.12K,-0.41%
"Jun 08, 2018",160.23,161.13,160.18,160.4,959.96K,0.52%
"Jun 07, 2018",160.12,160.14,159.54,159.57,31.81K,-0.42%
"Jun 06, 2018",161.06,161.32,159.94,160.24,600.58K,-0.76%
"Jun 05, 2018",160.82,161.68,160.81,161.46,1.89M,0.35%
"Jun 04, 2018",161.24,161.42,160.78,160.89,1.74M,-0.35%
"Jun 01, 2018",161.67,161.83,160.99,161.46,1.23M,-0.42%
"May 31, 2018",161.75,162.23,160.95,162.14,1.47M,0.07%
"May 30, 2018",163.04,163.06,161.41,162.02,1.63M,-0.48%
"May 29, 2018",161.86,164.15,161.79,162.8,1.72M,0.54%
"May 28, 2018",160.75,162.0,160.29,161.93,857.65K,0.57%
"May 25, 2018",160.09,161.34,160.05,161.02,1.33M,0.50%
"May 24, 2018",159.7,160.29,159.31,160.22,1.06M,0.29%
"May 23, 2018",159.06,159.84,159.03,159.76,1.20M,0.54%
"May 22, 2018",159.38,159.43,158.74,158.9,958.51K,-0.21%
"May 21, 2018",158.64,159.5,158.61,159.24,803.28K,0.36%
"May 18, 2018",157.82,158.82,157.8,158.67,777.69K,0.51%
"May 17, 2018",158.02,158.39,157.73,157.87,905.26K,-0.20%
"May 16, 2018",157.9,158.5,157.84,158.18,1.09M,0.27%
"May 15, 2018",158.13,158.17,157.61,157.76,832.07K,-0.24%
"May 14, 2018",158.98,159.01,158.12,158.14,747.33K,-0.45%
"May 11, 2018",158.92,159.16,158.79,158.85,421.37K,-0.14%
"May 10, 2018",158.84,159.25,158.81,159.07,572.67K,0.14%
"May 09, 2018",158.79,158.9,158.52,158.85,585.28K,0.00%
"May 08, 2018",159.25,159.28,158.77,158.85,547.05K,-0.29%
"May 07, 2018",159.1,159.42,159.07,159.31,254.13K,0.14%
"May 04, 2018",159.14,159.39,159.05,159.08,626.75K,-0.11%
"May 03, 2018",158.65,159.35,158.43,159.26,894.94K,0.42%
"May 02, 2018",158.68,158.7,158.44,158.59,612.13K,-0.09%
"Apr 30, 2018",158.64,158.91,158.38,158.74,606.83K,0.05%
"Apr 27, 2018",158.38,158.78,158.38,158.66,647.94K,0.22%
"Apr 26, 2018",157.79,158.46,157.74,158.31,752.36K,0.37%
"Apr 25, 2018",157.88,157.88,157.45,157.72,741.00K,-0.03%
"Apr 24, 2018",157.88,158.04,157.43,157.76,759.49K,-0.03%
"Apr 23, 2018",157.88,157.97,157.62,157.8,861.85K,-0.21%
"Apr 20, 2018",158.28,158.4,157.9,158.13,744.54K,-0.03%
"Apr 19, 2018",159.03,159.04,158.06,158.17,1.09M,-0.55%
"Apr 18, 2018",159.26,159.55,158.96,159.05,753.07K,-0.18%
"Apr 17, 2018",159.09,159.45,158.95,159.34,584.95K,0.12%
"Apr 16, 2018",159.24,159.27,158.74,159.15,622.22K,-0.12%
"Apr 13, 2018",159.29,159.37,158.95,159.34,600.23K,0.03%
"Apr 12, 2018",159.4,159.52,159.15,159.29,659.30K,-0.13%
"Apr 11, 2018",159.17,159.65,159.17,159.5,665.49K,0.28%
"Apr 10, 2018",159.34,159.59,159.0,159.05,877.26K,-0.16%
"Apr 09, 2018",159.44,159.49,159.24,159.3,487.94K,-0.13%
"Apr 06, 2018",159.24,159.57,159.15,159.5,531.41K,0.25%
"Apr 05, 2018",159.22,159.26,158.89,159.11,720.30K,-0.23%
"Apr 04, 2018",159.28,159.66,159.22,159.47,705.99K,0.11%
"Apr 03, 2018",159.57,159.61,159.07,159.3,702.62K,-0.08%
"Mar 29, 2018",159.24,159.48,159.14,159.43,578.41K,0.08%
"Mar 28, 2018",159.3,159.69,159.12,159.31,824.21K,0.05%
"Mar 27, 2018",158.77,159.42,158.73,159.23,733.47K,0.19%
"Mar 26, 2018",158.87,158.95,158.59,158.93,539.22K,0.04%
"Mar 23, 2018",158.9,159.01,158.55,158.87,714.82K,-0.06%
"Mar 22, 2018",158.09,159.0,158.05,158.96,948.82K,0.68%
"Mar 21, 2018",158.0,158.1,157.75,157.88,490.66K,-0.11%
"Mar 20, 2018",158.12,158.17,157.91,158.06,501.56K,-0.11%
"Mar 19, 2018",158.16,158.3,157.67,158.23,655.36K,0.03%
"Mar 16, 2018",158.24,158.35,157.98,158.19,466.02K,0.03%
"Mar 15, 2018",157.85,158.24,157.81,158.14,606.43K,0.13%
"Mar 14, 2018",157.62,157.97,157.34,157.94,674.07K,0.30%
"Mar 13, 2018",157.25,157.61,157.17,157.47,682.43K,0.13%
"Mar 12, 2018",157.0,157.36,156.91,157.27,440.19K,0.18%
"Mar 09, 2018",157.15,157.25,156.88,156.98,527.88K,-1.49%
"Mar 08, 2018",159.4,159.56,159.32,159.36,12.68K,-0.04%
"Mar 07, 2018",159.43,159.63,159.26,159.43,357.29K,0.11%
"Mar 06, 2018",159.54,159.74,158.89,159.25,1.62M,-0.39%
"Mar 05, 2018",160.0,160.38,159.41,159.88,1.50M,0.07%
"Mar 02, 2018",159.9,160.21,159.58,159.77,912.66K,0.04%
"Mar 01, 2018",159.45,160.09,159.44,159.7,959.07K,0.16%
"Feb 28, 2018",159.24,159.52,159.03,159.44,701.49K,0.15%
"Feb 27, 2018",159.45,159.51,159.05,159.2,813.66K,-0.23%
"Feb 26, 2018",159.65,159.67,159.25,159.56,678.75K,0.05%
"Feb 23, 2018",158.68,159.66,158.68,159.48,777.96K,0.45%
"Feb 22, 2018",158.24,158.85,158.18,158.76,630.34K,0.16%
"Feb 21, 2018",158.41,158.85,158.17,158.51,675.67K,0.08%
"Feb 20, 2018",158.17,158.55,157.9,158.39,614.79K,0.08%
"Feb 19, 2018",158.49,158.53,158.17,158.27,338.58K,-0.21%
"Feb 16, 2018",157.76,158.78,157.65,158.61,575.90K,0.46%
"Feb 15, 2018",157.65,158.01,157.42,157.88,720.05K,-0.06%
"Feb 14, 2018",158.25,158.38,157.65,157.98,782.15K,-0.08%
"Feb 13, 2018",158.03,158.44,157.95,158.11,664.40K,0.09%
"Feb 12, 2018",157.75,158.17,157.54,157.97,636.37K,-0.04%
"Feb 09, 2018",158.05,158.65,157.7,158.04,920.81K,0.19%
"Feb 08, 2018",157.92,158.23,157.26,157.74,1.16M,-0.31%
"Feb 07, 2018",158.68,158.92,157.92,158.23,928.91K,-0.40%
"Feb 06, 2018",158.96,159.24,158.48,158.86,1.27M,0.49%
"Feb 05, 2018",157.67,159.3,157.62,158.09,871.67K,0.14%
"Feb 02, 2018",158.17,158.36,157.71,157.87,1.03M,-0.46%
"Feb 01, 2018",158.55,158.81,158.15,158.6,1.08M,-0.14%
"Jan 31, 2018",158.96,159.33,158.5,158.82,917.38K,-0.06%
"Jan 30, 2018",158.74,159.18,158.73,158.91,840.36K,0.13%
"Jan 29, 2018",159.59,159.64,158.66,158.71,1.02M,-0.68%
"Jan 26, 2018",160.15,160.36,159.74,159.79,751.02K,-0.16%
"Jan 25, 2018",160.57,160.75,159.66,160.05,1.01M,-0.22%
"Jan 24, 2018",160.85,160.85,160.32,160.4,675.76K,-0.25%
"Jan 23, 2018",160.7,161.13,160.68,160.8,605.82K,0.04%
"Jan 22, 2018",160.55,160.82,160.38,160.74,432.97K,0.05%
"Jan 19, 2018",160.42,160.85,160.31,160.66,530.11K,0.05%
"Jan 18, 2018",160.62,160.7,160.3,160.58,613.31K,-0.15%
"Jan 17, 2018",160.78,160.97,160.65,160.82,514.18K,0.03%
"Jan 16, 2018",160.46,160.97,160.41,160.77,632.57K,0.27%
"Jan 15, 2018",160.59,160.76,160.3,160.34,328.10K,-0.02%
"Jan 12, 2018",160.42,160.65,160.11,160.38,781.17K,0.04%
"Jan 11, 2018",161.38,161.55,160.27,160.31,1.06M,-0.47%
"Jan 10, 2018",161.0,161.37,160.91,161.07,870.62K,-0.14%
"Jan 09, 2018",161.67,162.0,161.2,161.3,719.57K,-0.31%
"Jan 08, 2018",161.64,162.04,161.39,161.8,454.69K,0.13%
"Jan 05, 2018",161.7,161.87,161.5,161.59,467.09K,0.00%
"Jan 04, 2018",161.44,161.75,161.26,161.59,640.61K,0.01%
"Jan 03, 2018",161.26,161.82,161.2,161.58,604.24K,0.19%
"Jan 02, 2018",161.78,161.78,161.18,161.28,485.60K,-0.25%
